SITE,YEAR,BBH,BBH_LOG,BBH_PROP,BCR,BCR_LOG,BCR_PROP,BGS,BGS_LOG,BGS_PROP,BLP,BLP_LOG,BLP_PROP,BRB,BRB_LOG,BRB_PROP,CCF,CCF_LOG,CCF_PROP,CHN,CHN_LOG,CHN_PROP,COT,COT_LOG,COT_PROP,CRP,CRP_LOG,CRP_PROP,FHM,FHM_LOG,FHM_PROP,GLF,GLF_LOG,GLF_PROP,GSF,GSF_LOG,GSF_PROP,GSH,GSH_LOG,GSH_PROP,ISS,ISS_LOG,ISS_PROP,LEP,LEP_LOG,LEP_PROP,LMB,LMB_LOG,LMB_PROP,MSQ,MSQ_LOG,MSQ_PROP,PKM,PKM_LOG,PKM_PROP,PLR,PLR_LOG,PLR_PROP,PMK,PMK_LOG,PMK_PROP,RBT,RBT_LOG,RBT_PROP,RCH,RCH_LOG,RCH_PROP,RES,RES_LOG,RES_PROP,RSH,RSH_LOG,RSH_PROP,SAP,SAP_LOG,SAP_PROP,SBF,SBF_LOG,SBF_PROP,SBK,SBK_LOG,SBK_PROP,SKR,SKR_LOG,SKR_PROP,SMB,SMB_LOG,SMB_PROP,SPB,SPB_LOG,SPB_PROP,STB,STB_LOG,STB_PROP,TUP,TUP_LOG,TUP_PROP,WCF,WCF_LOG,WCF_PROP,WRM,WRM_LOG,WRM_LOG,YFG,YFG_LOG,YFG_PROP,sumofcaught
1,1993,0,0,0,0,0,0,7,0.903089987,0.026717557,1,0.301029996,0.003816794,0,0,0,0,0,0,0,0,0,57,1.763427994,0.217557252,2,0.477121255,0.007633588,0,0,0,3,0.602059991,0.011450382,4,0.698970004,0.015267176,0,0,0,0,0,0,0,0,0,21,1.342422681,0.080152672,0,0,0,3,0.602059991,0.011450382,0,0,0,0,0,0,15,1.204119983,0.057251908,0,0,0,0,0,0,0,0,0,0,0,0,0,0,0,41,1.62324929,0.15648855,101,2.008600172,0.385496183,0,0,0,0,0,0,0,0,0,7,0.903089987,0.026717557,0,0,0,0,0,0,0,0,0,262
1,1994,0,0,0,0,0,0,2,0.477121255,0.008474576,1,0.301029996,0.004237288,0,0,0,0,0,0,0,0,0,33,1.531478917,0.139830508,0,0,0,0,0,0,0,0,0,1,0.301029996,0.004237288,0,0,0,0,0,0,0,0,0,21,1.342422681,0.088983051,1,0.301029996,0.004237288,2,0.477121255,0.008474576,2,0.477121255,0.008474576,0,0,0,1,0.301029996,0.004237288,0,0,0,0,0,0,0,0,0,0,0,0,0,0,0,65,1.819543936,0.275423729,102,2.012837225,0.43220339,0,0,0,0,0,0,0,0,0,5,0.77815125,0.021186441,0,0,0,0,0,0,0,0,0,236
1,1995,0,0,0,0,0,0,1,0.301029996,0.003875969,0,0,0,0,0,0,0,0,0,0,0,0,131,2.120573931,0.507751938,0,0,0,0,0,0,0,0,0,2,0.477121255,0.007751938,0,0,0,0,0,0,0,0,0,0,0,0,0,0,0,17,1.255272505,0.065891473,0,0,0,0,0,0,0,0,0,0,0,0,0,0,0,0,0,0,0,0,0,0,0,0,10,1.041392685,0.03875969,89,1.954242509,0.34496124,0,0,0,0,0,0,0,0,0,8,0.954242509,0.031007752,0,0,0,0,0,0,0,0,0,258
1,1996,0,0,0,0,0,0,9,1,0.031034483,7,0.903089987,0.024137931,0,0,0,0,0,0,0,0,0,40,1.612783857,0.137931034,6,0.84509804,0.020689655,0,0,0,0,0,0,18,1.278753601,0.062068966,0,0,0,0,0,0,0,0,0,1,0.301029996,0.003448276,0,0,0,69,1.84509804,0.237931034,0,0,0,0,0,0,2,0.477121255,0.006896552,3,0.602059991,0.010344828,0,0,0,0,0,0,0,0,0,0,0,0,80,1.908485019,0.275862069,54,1.740362689,0.186206897,0,0,0,0,0,0,0,0,0,1,0.301029996,0.003448276,0,0,0,0,0,0,0,0,0,290
1,1997,0,0,0,0,0,0,6,0.84509804,0.028846154,0,0,0,0,0,0,0,0,0,0,0,0,73,1.86923172,0.350961538,4,0.698970004,0.019230769,0,0,0,2,0.477121255,0.009615385,12,1.113943352,0.057692308,0,0,0,0,0,0,0,0,0,1,0.301029996,0.004807692,0,0,0,17,1.255272505,0.081730769,0,0,0,0,0,0,6,0.84509804,0.028846154,0,0,0,0,0,0,0,0,0,0,0,0,0,0,0,34,1.544068044,0.163461538,51,1.716003344,0.245192308,2,0.477121255,0.009615385,0,0,0,0,0,0,0,0,0,0,0,0,0,0,0,0,0,0,208
1,1998,1,0.301029996,0.005813953,0,0,0,18,1.278753601,0.104651163,3,0.602059991,0.01744186,0,0,0,0,0,0,0,0,0,32,1.51851394,0.186046512,1,0.301029996,0.005813953,0,0,0,2,0.477121255,0.011627907,57,1.763427994,0.331395349,0,0,0,0,0,0,1,0.301029996,0.005813953,0,0,0,0,0,0,2,0.477121255,0.011627907,0,0,0,0,0,0,10,1.041392685,0.058139535,0,0,0,0,0,0,0,0,0,0,0,0,0,0,0,16,1.230448921,0.093023256,28,1.462397998,0.162790698,0,0,0,0,0,0,0,0,0,1,0.301029996,0.005813953,0,0,0,0,0,0,0,0,0,172
1,1999,0,0,0,0,0,0,26,1.431363764,0.050485437,0,0,0,0,0,0,0,0,0,0,0,0,68,1.838849091,0.132038835,0,0,0,0,0,0,1,0.301029996,0.001941748,16,1.230448921,0.031067961,0,0,0,0,0,0,0,0,0,0,0,0,0,0,0,8,0.954242509,0.015533981,9,1,0.017475728,0,0,0,26,1.431363764,0.050485437,4,0.698970004,0.00776699,0,0,0,0,0,0,0,0,0,0,0,0,34,1.544068044,0.066019417,323,2.51054501,0.627184466,0,0,0,0,0,0,0,0,0,0,0,0,0,0,0,0,0,0,0,0,0,515
1,2000,0,0,0,0,0,0,11,1.079181246,0.020560748,0,0,0,0,0,0,0,0,0,0,0,0,138,2.1430148,0.257943925,0,0,0,0,0,0,0,0,0,9,1,0.01682243,0,0,0,0,0,0,0,0,0,3,0.602059991,0.005607477,0,0,0,30,1.491361694,0.056074766,9,1,0.01682243,0,0,0,61,1.792391689,0.114018692,1,0.301029996,0.001869159,0,0,0,0,0,0,0,0,0,0,0,0,67,1.832508913,0.125233645,206,2.315970345,0.385046729,0,0,0,0,0,0,0,0,0,0,0,0,0,0,0,0,0,0,0,0,0,535
1,2001,0,0,0,0,0,0,4,0.698970004,0.012345679,0,0,0,0,0,0,0,0,0,0,0,0,60,1.785329835,0.185185185,0,0,0,0,0,0,0,0,0,0,0,0,0,0,0,0,0,0,0,0,0,0,0,0,0,0,0,12,1.113943352,0.037037037,2,0.477121255,0.00617284,0,0,0,81,1.913813852,0.25,0,0,0,0,0,0,0,0,0,0,0,0,0,0,0,57,1.763427994,0.175925926,108,2.037426498,0.333333333,0,0,0,0,0,0,0,0,0,0,0,0,0,0,0,0,0,0,0,0,0,324
1,2002,0,0,0,0,0,0,2,0.477121255,0.004739336,0,0,0,0,0,0,0,0,0,0,0,0,85,1.934498451,0.201421801,0,0,0,0,0,0,0,0,0,0,0,0,0,0,0,0,0,0,0,0,0,0,0,0,2,0.477121255,0.004739336,2,0.477121255,0.004739336,0,0,0,0,0,0,94,1.977723605,0.222748815,0,0,0,0,0,0,0,0,0,0,0,0,0,0,0,197,2.29666519,0.466824645,40,1.612783857,0.09478673,0,0,0,0,0,0,0,0,0,0,0,0,0,0,0,0,0,0,0,0,0,422
1,2003,1,0.301029996,0.002252252,0,0,0,1,0.301029996,0.002252252,0,0,0,0,0,0,0,0,0,1,0.301029996,0.002252252,150,2.178976947,0.337837838,0,0,0,0,0,0,0,0,0,12,1.113943352,0.027027027,0,0,0,0,0,0,1,0.301029996,0.002252252,2,0.477121255,0.004504505,0,0,0,10,1.041392685,0.022522523,4,0.698970004,0.009009009,0,0,0,56,1.755874856,0.126126126,0,0,0,0,0,0,0,0,0,0,0,0,0,0,0,101,2.008600172,0.227477477,90,1.959041392,0.202702703,0,0,0,0,0,0,0,0,0,15,1.204119983,0.033783784,0,0,0,0,0,0,0,0,0,444
1,2004,0,0,0,1,0.301029996,0.002409639,23,1.380211242,0.055421687,1,0.301029996,0.002409639,0,0,0,0,0,0,0,0,0,51,1.716003344,0.122891566,0,0,0,0,0,0,0,0,0,14,1.176091259,0.03373494,0,0,0,2,0.477121255,0.004819277,0,0,0,1,0.301029996,0.002409639,0,0,0,10,1.041392685,0.024096386,11,1.079181246,0.026506024,0,0,0,76,1.886490725,0.18313253,1,0.301029996,0.002409639,0,0,0,0,0,0,0,0,0,0,0,0,70,1.851258349,0.168674699,153,2.187520721,0.368674699,1,0.301029996,0.002409639,0,0,0,0,0,0,0,0,0,0,0,0,0,0,0,0,0,0,415
1,2005,1,0.301029996,0.002227171,0,0,0,6,0.84509804,0.013363029,0,0,0,0,0,0,0,0,0,0,0,0,92,1.968482949,0.204899777,1,0.301029996,0.002227171,0,0,0,0,0,0,7,0.903089987,0.0155902,0,0,0,12,1.113943352,0.026726058,0,0,0,1,0.301029996,0.002227171,0,0,0,16,1.230448921,0.035634744,3,0.602059991,0.006681514,0,0,0,30,1.491361694,0.066815145,0,0,0,0,0,0,0,0,0,0,0,0,0,0,0,6,0.84509804,0.013363029,272,2.436162647,0.605790646,0,0,0,0,0,0,0,0,0,2,0.477121255,0.004454343,0,0,0,0,0,0,0,0,0,449
1,2006,0,0,0,0,0,0,6,0.84509804,0.019354839,4,0.698970004,0.012903226,0,0,0,0,0,0,0,0,0,71,1.857332496,0.229032258,0,0,0,0,0,0,0,0,0,8,0.954242509,0.025806452,0,0,0,1,0.301029996,0.003225806,0,0,0,0,0,0,0,0,0,2,0.477121255,0.006451613,0,0,0,0,0,0,82,1.919078092,0.264516129,0,0,0,0,0,0,0,0,0,0,0,0,0,0,0,41,1.62324929,0.132258065,94,1.977723605,0.303225806,0,0,0,0,0,0,0,0,0,1,0.301029996,0.003225806,0,0,0,0,0,0,0,0,0,310
1,2007,0,0,0,0,0,0,0,0,0,0,0,0,0,0,0,0,0,0,0,0,0,68,1.838849091,0.298245614,0,0,0,0,0,0,0,0,0,2,0.477121255,0.00877193,0,0,0,0,0,0,0,0,0,0,0,0,0,0,0,1,0.301029996,0.004385965,0,0,0,0,0,0,38,1.591064607,0.166666667,0,0,0,0,0,0,0,0,0,0,0,0,0,0,0,103,2.017033339,0.451754386,15,1.204119983,0.065789474,0,0,0,0,0,0,0,0,0,1,0.301029996,0.004385965,0,0,0,0,0,0,0,0,0,228
1,2008,0,0,0,0,0,0,0,0,0,0,0,0,0,0,0,0,0,0,0,0,0,33,1.531478917,0.6875,0,0,0,0,0,0,0,0,0,0,0,0,0,0,0,0,0,0,0,0,0,0,0,0,0,0,0,2,0.477121255,0.041666667,0,0,0,0,0,0,9,1,0.1875,0,0,0,0,0,0,0,0,0,0,0,0,0,0,0,2,0.477121255,0.041666667,2,0.477121255,0.041666667,0,0,0,0,0,0,0,0,0,0,0,0,0,0,0,0,0,0,0,0,0,48
1,2010,0,0,0,0,0,0,0,0,0,0,0,0,0,0,0,0,0,0,0,0,0,80,1.908485019,0.269360269,0,0,0,0,0,0,0,0,0,0,0,0,0,0,0,0,0,0,0,0,0,1,0.301029996,0.003367003,0,0,0,7,0.903089987,0.023569024,3,0.602059991,0.01010101,0,0,0,31,1.505149978,0.104377104,0,0,0,0,0,0,0,0,0,0,0,0,0,0,0,133,2.127104798,0.447811448,42,1.633468456,0.141414141,0,0,0,0,0,0,0,0,0,0,0,0,0,0,0,0,0,0,0,0,0,297
1,2011,NA,NA,NA,NA,NA,NA,NA,NA,NA,NA,NA,NA,NA,NA,NA,NA,NA,NA,NA,NA,NA,NA,NA,NA,NA,NA,NA,NA,NA,NA,NA,NA,NA,NA,NA,NA,NA,NA,NA,NA,NA,NA,NA,NA,NA,NA,NA,NA,NA,NA,NA,NA,NA,NA,NA,NA,NA,NA,NA,NA,NA,NA,NA,NA,NA,NA,NA,NA,NA,NA,NA,NA,NA,NA,NA,NA,NA,NA,NA,NA,NA,NA,NA,NA,NA,NA,NA,NA,NA,NA,NA,NA,NA,NA,NA,NA,NA,NA,NA,NA,NA,NA,NA,NA,NA,NA
1,2012,0,0,0,0,0,0,0,0,0,0,0,0,0,0,0,0,0,0,0,0,0,42,1.633468456,0.185022026,0,0,0,0,0,0,0,0,0,0,0,0,0,0,0,0,0,0,0,0,0,0,0,0,0,0,0,38,1.591064607,0.167400881,0,0,0,0,0,0,68,1.838849091,0.299559471,0,0,0,0,0,0,0,0,0,0,0,0,0,0,0,50,1.707570176,0.220264317,29,1.477121255,0.127753304,0,0,0,0,0,0,0,0,0,0,0,0,0,0,0,0,0,0,0,0,0,227
1,2013,NA,NA,NA,NA,NA,NA,NA,NA,NA,NA,NA,NA,NA,NA,NA,NA,NA,NA,NA,NA,NA,NA,NA,NA,NA,NA,NA,NA,NA,NA,NA,NA,NA,NA,NA,NA,NA,NA,NA,NA,NA,NA,NA,NA,NA,NA,NA,NA,NA,NA,NA,NA,NA,NA,NA,NA,NA,NA,NA,NA,NA,NA,NA,NA,NA,NA,NA,NA,NA,NA,NA,NA,NA,NA,NA,NA,NA,NA,NA,NA,NA,NA,NA,NA,NA,NA,NA,NA,NA,NA,NA,NA,NA,NA,NA,NA,NA,NA,NA,NA,NA,NA,NA,NA,NA,NA
1,2014,0,0,0,0,0,0,0,0,0,0,0,0,0,0,0,0,0,0,0,0,0,55,1.748188027,0.192982456,0,0,0,0,0,0,0,0,0,0,0,0,0,0,0,0,0,0,0,0,0,2,0.477121255,0.007017544,0,0,0,11,1.079181246,0.038596491,2,0.477121255,0.007017544,0,0,0,80,1.908485019,0.280701754,0,0,0,0,0,0,0,0,0,0,0,0,0,0,0,130,2.117271296,0.456140351,5,0.77815125,0.01754386,0,0,0,0,0,0,0,0,0,0,0,0,0,0,0,0,0,0,0,0,0,285
1,2015,0,0,0,0,0,0,0,0,0,0,0,0,0,0,0,0,0,0,0,0,0,88,1.949390007,0.455958549,0,0,0,0,0,0,0,0,0,0,0,0,0,0,0,0,0,0,0,0,0,1,0.301029996,0.005181347,0,0,0,12,1.113943352,0.062176166,1,0.301029996,0.005181347,0,0,0,36,1.568201724,0.186528497,0,0,0,0,0,0,0,0,0,0,0,0,0,0,0,22,1.361727836,0.113989637,32,1.51851394,0.165803109,0,0,0,0,0,0,0,0,0,1,0.301029996,0.005181347,0,0,0,0,0,0,0,0,0,193
1,2016,0,0,0,0,0,0,7,0.903089987,0.016018307,0,0,0,0,0,0,0,0,0,2,0.477121255,0.004576659,151,2.181843588,0.345537757,0,0,0,0,0,0,0,0,0,2,0.477121255,0.004576659,0,0,0,0,0,0,0,0,0,8,0.954242509,0.018306636,0,0,0,36,1.568201724,0.082379863,5,0.77815125,0.011441648,0,0,0,77,1.892094603,0.176201373,0,0,0,0,0,0,0,0,0,0,0,0,0,0,0,81,1.913813852,0.185354691,67,1.832508913,0.153318078,0,0,0,1,0.301029996,0.00228833,0,0,0,0,0,0,0,0,0,0,0,0,0,0,0,437
1,2017,0,0,0,0,0,0,0,0,0,0,0,0,0,0,0,0,0,0,0,0,0,67,1.832508913,0.234265734,0,0,0,0,0,0,0,0,0,0,0,0,0,0,0,0,0,0,0,0,0,0,0,0,0,0,0,38,1.591064607,0.132867133,0,0,0,0,0,0,33,1.531478917,0.115384615,0,0,0,0,0,0,0,0,0,0,0,0,0,0,0,10,1.041392685,0.034965035,137,2.139879086,0.479020979,0,0,0,0,0,0,0,0,0,1,0.301029996,0.003496503,0,0,0,0,0,0,0,0,0,286
3,1993,0,0,0,0,0,0,0,0,0,14,1.176091259,0.112903226,0,0,0,0,0,0,0,0,0,0,0,0,1,0.301029996,0.008064516,0,0,0,3,0.602059991,0.024193548,14,1.176091259,0.112903226,0,0,0,0,0,0,0,0,0,72,1.86332286,0.580645161,0,0,0,1,0.301029996,0.008064516,0,0,0,0,0,0,0,0,0,0,0,0,1,0.301029996,0.008064516,0,0,0,0,0,0,0,0,0,0,0,0,3,0.602059991,0.024193548,1,0.301029996,0.008064516,0,0,0,0,0,0,14,1.176091259,0.112903226,0,0,0,0,0,0,0,0,0,124
3,1994,0,0,0,0,0,0,1,0.301029996,0.010638298,19,1.301029996,0.20212766,0,0,0,0,0,0,0,0,0,1,0.301029996,0.010638298,0,0,0,0,0,0,0,0,0,3,0.602059991,0.031914894,0,0,0,0,0,0,0,0,0,50,1.707570176,0.531914894,0,0,0,1,0.301029996,0.010638298,0,0,0,0,0,0,0,0,0,0,0,0,4,0.698970004,0.042553191,0,0,0,0,0,0,0,0,0,0,0,0,1,0.301029996,0.010638298,3,0.602059991,0.031914894,0,0,0,0,0,0,11,1.079181246,0.117021277,0,0,0,0,0,0,0,0,0,94
3,1995,0,0,0,0,0,0,36,1.568201724,0.21686747,26,1.431363764,0.156626506,0,0,0,0,0,0,0,0,0,3,0.602059991,0.018072289,1,0.301029996,0.006024096,0,0,0,1,0.301029996,0.006024096,18,1.278753601,0.108433735,0,0,0,0,0,0,0,0,0,38,1.591064607,0.228915663,4,0.698970004,0.024096386,1,0.301029996,0.006024096,1,0.301029996,0.006024096,0,0,0,0,0,0,0,0,0,6,0.84509804,0.036144578,0,0,0,0,0,0,0,0,0,0,0,0,2,0.477121255,0.012048193,15,1.204119983,0.090361446,0,0,0,0,0,0,14,1.176091259,0.084337349,0,0,0,0,0,0,0,0,0,166
3,1996,0,0,0,0,0,0,3,0.602059991,0.052631579,7,0.903089987,0.122807018,0,0,0,0,0,0,0,0,0,0,0,0,1,0.301029996,0.01754386,0,0,0,0,0,0,29,1.477121255,0.50877193,0,0,0,0,0,0,0,0,0,3,0.602059991,0.052631579,0,0,0,5,0.77815125,0.087719298,0,0,0,0,0,0,0,0,0,0,0,0,0,0,0,0,0,0,0,0,0,0,0,0,0,0,0,2,0.477121255,0.035087719,6,0.84509804,0.105263158,0,0,0,0,0,0,0,0,0,1,0.301029996,0.01754386,0,0,0,0,0,0,57
3,1997,0,0,0,0,0,0,15,1.204119983,0.145631068,22,1.361727836,0.213592233,0,0,0,0,0,0,0,0,0,5,0.77815125,0.048543689,0,0,0,0,0,0,0,0,0,8,0.954242509,0.077669903,0,0,0,0,0,0,1,0.301029996,0.009708738,17,1.255272505,0.165048544,3,0.602059991,0.029126214,2,0.477121255,0.019417476,2,0.477121255,0.019417476,0,0,0,0,0,0,0,0,0,0,0,0,0,0,0,0,0,0,0,0,0,1,0.301029996,0.009708738,7,0.903089987,0.067961165,8,0.954242509,0.077669903,0,0,0,0,0,0,12,1.113943352,0.116504854,0,0,0,0,0,0,0,0,0,103
3,1998,0,0,0,0,0,0,0,0,0,0,0,0,0,0,0,0,0,0,0,0,0,6,0.84509804,0.053097345,0,0,0,0,0,0,0,0,0,3,0.602059991,0.026548673,0,0,0,0,0,0,0,0,0,1,0.301029996,0.008849558,0,0,0,18,1.278753601,0.159292035,2,0.477121255,0.017699115,0,0,0,0,0,0,0,0,0,1,0.301029996,0.008849558,0,0,0,0,0,0,0,0,0,2,0.477121255,0.017699115,63,1.806179974,0.557522124,4,0.698970004,0.03539823,0,0,0,0,0,0,13,1.146128036,0.115044248,0,0,0,0,0,0,0,0,0,113
3,1999,0,0,0,0,0,0,0,0,0,0,0,0,0,0,0,0,0,0,0,0,0,5,0.77815125,0.035211268,0,0,0,0,0,0,0,0,0,2,0.477121255,0.014084507,0,0,0,0,0,0,0,0,0,2,0.477121255,0.014084507,3,0.602059991,0.021126761,40,1.612783857,0.281690141,11,1.079181246,0.077464789,0,0,0,0,0,0,0,0,0,0,0,0,0,0,0,0,0,0,0,0,0,0,0,0,63,1.806179974,0.443661972,4,0.698970004,0.028169014,0,0,0,0,0,0,12,1.113943352,0.084507042,0,0,0,0,0,0,0,0,0,142
3,2000,0,0,0,0,0,0,0,0,0,1,0.301029996,0.004048583,0,0,0,0,0,0,0,0,0,11,1.079181246,0.044534413,0,0,0,0,0,0,0,0,0,0,0,0,0,0,0,0,0,0,0,0,0,15,1.204119983,0.060728745,3,0.602059991,0.012145749,77,1.892094603,0.311740891,1,0.301029996,0.004048583,0,0,0,0,0,0,0,0,0,0,0,0,0,0,0,0,0,0,0,0,0,0,0,0,77,1.892094603,0.311740891,1,0.301029996,0.004048583,0,0,0,0,0,0,61,1.792391689,0.246963563,0,0,0,0,0,0,0,0,0,247
3,2001,0,0,0,0,0,0,0,0,0,0,0,0,0,0,0,0,0,0,0,0,0,35,1.556302501,0.079908676,0,0,0,0,0,0,0,0,0,2,0.477121255,0.00456621,0,0,0,0,0,0,0,0,0,0,0,0,1,0.301029996,0.002283105,93,1.973127854,0.212328767,0,0,0,0,0,0,0,0,0,0,0,0,0,0,0,0,0,0,0,0,0,0,0,0,0,0,0,185,2.269512944,0.422374429,0,0,0,0,0,0,0,0,0,122,2.089905111,0.278538813,0,0,0,0,0,0,0,0,0,438
3,2002,0,0,0,0,0,0,0,0,0,0,0,0,0,0,0,0,0,0,0,0,0,56,1.755874856,0.080229226,0,0,0,0,0,0,0,0,0,0,0,0,0,0,0,0,0,0,0,0,0,0,0,0,2,0.477121255,0.00286533,203,2.309630167,0.290830946,2,0.477121255,0.00286533,0,0,0,0,0,0,0,0,0,0,0,0,0,0,0,0,0,0,0,0,0,3,0.602059991,0.004297994,179,2.255272505,0.256446991,1,0.301029996,0.001432665,0,0,0,0,0,0,252,2.403120521,0.361031519,0,0,0,0,0,0,0,0,0,698
3,2003,0,0,0,0,0,0,0,0,0,0,0,0,0,0,0,0,0,0,0,0,0,40,1.612783857,0.099502488,0,0,0,0,0,0,0,0,0,0,0,0,0,0,0,0,0,0,0,0,0,0,0,0,0,0,0,54,1.740362689,0.134328358,3,0.602059991,0.007462687,0,0,0,2,0.477121255,0.004975124,0,0,0,0,0,0,0,0,0,0,0,0,0,0,0,2,0.477121255,0.004975124,53,1.73239376,0.131840796,0,0,0,0,0,0,0,0,0,248,2.396199347,0.616915423,0,0,0,0,0,0,0,0,0,402
3,2004,0,0,0,0,0,0,0,0,0,0,0,0,0,0,0,0,0,0,0,0,0,13,1.146128036,0.060747664,0,0,0,0,0,0,0,0,0,0,0,0,0,0,0,0,0,0,0,0,0,0,0,0,0,0,0,45,1.662757832,0.210280374,5,0.77815125,0.023364486,0,0,0,1,0.301029996,0.004672897,0,0,0,0,0,0,0,0,0,0,0,0,0,0,0,1,0.301029996,0.004672897,70,1.851258349,0.327102804,0,0,0,0,0,0,0,0,0,79,1.903089987,0.369158879,0,0,0,0,0,0,0,0,0,214
3,2005,0,0,0,0,0,0,0,0,0,0,0,0,0,0,0,0,0,0,0,0,0,45,1.662757832,0.180722892,0,0,0,0,0,0,0,0,0,1,0.301029996,0.004016064,0,0,0,0,0,0,0,0,0,0,0,0,0,0,0,38,1.591064607,0.152610442,0,0,0,0,0,0,6,0.84509804,0.024096386,0,0,0,0,0,0,0,0,0,0,0,0,0,0,0,1,0.301029996,0.004016064,51,1.716003344,0.204819277,0,0,0,0,0,0,0,0,0,107,2.033423755,0.429718876,0,0,0,0,0,0,0,0,0,249
3,2006,0,0,0,0,0,0,1,0.301029996,0.006097561,0,0,0,0,0,0,0,0,0,0,0,0,20,1.322219295,0.12195122,0,0,0,0,0,0,0,0,0,0,0,0,0,0,0,0,0,0,0,0,0,0,0,0,0,0,0,31,1.505149978,0.18902439,1,0.301029996,0.006097561,0,0,0,5,0.77815125,0.030487805,0,0,0,0,0,0,0,0,0,0,0,0,0,0,0,2,0.477121255,0.012195122,29,1.477121255,0.176829268,0,0,0,0,0,0,0,0,0,75,1.880813592,0.457317073,0,0,0,0,0,0,0,0,0,164
3,2007,0,0,0,0,0,0,0,0,0,0,0,0,0,0,0,0,0,0,0,0,0,20,1.322219295,0.183486239,0,0,0,0,0,0,0,0,0,0,0,0,0,0,0,0,0,0,0,0,0,2,0.477121255,0.018348624,0,0,0,9,1,0.082568807,0,0,0,0,0,0,4,0.698970004,0.036697248,0,0,0,0,0,0,0,0,0,0,0,0,0,0,0,1,0.301029996,0.009174312,24,1.397940009,0.220183486,0,0,0,0,0,0,0,0,0,49,1.698970004,0.449541284,0,0,0,0,0,0,0,0,0,109
3,2008,0,0,0,0,0,0,0,0,0,0,0,0,0,0,0,0,0,0,0,0,0,11,1.079181246,0.215686275,0,0,0,0,0,0,0,0,0,0,0,0,0,0,0,0,0,0,0,0,0,0,0,0,1,0.301029996,0.019607843,3,0.602059991,0.058823529,0,0,0,0,0,0,6,0.84509804,0.117647059,0,0,0,0,0,0,0,0,0,0,0,0,0,0,0,2,0.477121255,0.039215686,7,0.903089987,0.137254902,0,0,0,0,0,0,0,0,0,21,1.342422681,0.411764706,0,0,0,0,0,0,0,0,0,51
3,2010,0,0,0,0,0,0,0,0,0,0,0,0,0,0,0,0,0,0,0,0,0,10,1.041392685,0.063694268,0,0,0,0,0,0,0,0,0,1,0.301029996,0.006369427,0,0,0,0,0,0,0,0,0,0,0,0,0,0,0,13,1.146128036,0.082802548,2,0.477121255,0.012738854,0,0,0,0,0,0,0,0,0,0,0,0,0,0,0,0,0,0,0,0,0,3,0.602059991,0.01910828,20,1.322219295,0.127388535,0,0,0,0,0,0,0,0,0,108,2.037426498,0.687898089,0,0,0,0,0,0,0,0,0,157
3,2011,NA,NA,NA,NA,NA,NA,NA,NA,NA,NA,NA,NA,NA,NA,NA,NA,NA,NA,NA,NA,NA,NA,NA,NA,NA,NA,NA,NA,NA,NA,NA,NA,NA,NA,NA,NA,NA,NA,NA,NA,NA,NA,NA,NA,NA,NA,NA,NA,NA,NA,NA,NA,NA,NA,NA,NA,NA,NA,NA,NA,NA,NA,NA,NA,NA,NA,NA,NA,NA,NA,NA,NA,NA,NA,NA,NA,NA,NA,NA,NA,NA,NA,NA,NA,NA,NA,NA,NA,NA,NA,NA,NA,NA,NA,NA,NA,NA,NA,NA,NA,NA,NA,NA,NA,NA,NA
3,2012,0,0,0,0,0,0,0,0,0,0,0,0,0,0,0,0,0,0,0,0,0,7,0.903089987,0.042944785,0,0,0,0,0,0,0,0,0,0,0,0,0,0,0,0,0,0,0,0,0,0,0,0,0,0,0,4,0.698970004,0.024539877,0,0,0,0,0,0,7,0.903089987,0.042944785,0,0,0,0,0,0,0,0,0,0,0,0,0,0,0,2,0.477121255,0.012269939,48,1.69019608,0.294478528,0,0,0,0,0,0,0,0,0,95,1.982271233,0.582822086,0,0,0,0,0,0,0,0,0,163
3,2013,0,0,0,0,0,0,0,0,0,0,0,0,0,0,0,0,0,0,0,0,0,19,1.301029996,0.1,0,0,0,0,0,0,0,0,0,0,0,0,0,0,0,0,0,0,0,0,0,0,0,0,0,0,0,14,1.176091259,0.073684211,0,0,0,0,0,0,4,0.698970004,0.021052632,0,0,0,0,0,0,0,0,0,0,0,0,0,0,0,19,1.301029996,0.1,83,1.924279286,0.436842105,0,0,0,0,0,0,0,0,0,51,1.716003344,0.268421053,0,0,0,0,0,0,0,0,0,190
3,2014,0,0,0,0,0,0,0,0,0,0,0,0,0,0,0,0,0,0,0,0,0,2,0.477121255,0.013071895,0,0,0,0,0,0,0,0,0,6,0.84509804,0.039215686,0,0,0,0,0,0,0,0,0,0,0,0,0,0,0,10,1.041392685,0.065359477,0,0,0,0,0,0,5,0.77815125,0.032679739,0,0,0,0,0,0,0,0,0,0,0,0,0,0,0,3,0.602059991,0.019607843,36,1.568201724,0.235294118,0,0,0,0,0,0,0,0,0,91,1.963787827,0.594771242,0,0,0,0,0,0,0,0,0,153
3,2015,0,0,0,0,0,0,0,0,0,0,0,0,0,0,0,0,0,0,0,0,0,3,0.602059991,0.081081081,0,0,0,0,0,0,0,0,0,2,0.477121255,0.054054054,0,0,0,0,0,0,0,0,0,1,0.301029996,0.027027027,0,0,0,4,0.698970004,0.108108108,0,0,0,0,0,0,8,0.954242509,0.216216216,0,0,0,0,0,0,0,0,0,0,0,0,0,0,0,1,0.301029996,0.027027027,11,1.079181246,0.297297297,0,0,0,0,0,0,0,0,0,7,0.903089987,0.189189189,0,0,0,0,0,0,0,0,0,37
3,2016,0,0,0,0,0,0,0,0,0,0,0,0,0,0,0,0,0,0,0,0,0,10,1.041392685,0.175438596,0,0,0,0,0,0,0,0,0,0,0,0,0,0,0,0,0,0,0,0,0,5,0.77815125,0.087719298,0,0,0,4,0.698970004,0.070175439,0,0,0,0,0,0,5,0.77815125,0.087719298,0,0,0,0,0,0,0,0,0,0,0,0,0,0,0,0,0,0,3,0.602059991,0.052631579,0,0,0,0,0,0,0,0,0,30,1.491361694,0.526315789,0,0,0,0,0,0,0,0,0,57
3,2017,NA ,NA ,NA ,NA ,NA ,NA ,NA ,NA ,NA ,NA ,NA ,NA ,NA ,NA ,NA ,NA ,NA ,NA ,NA ,NA ,NA ,NA ,NA ,NA ,NA ,NA ,NA ,NA ,NA ,NA ,NA ,NA ,NA ,NA ,NA ,NA ,NA ,NA ,NA ,NA ,NA ,NA ,NA ,NA ,NA ,NA ,NA ,NA ,NA ,NA ,NA ,NA ,NA ,NA ,NA ,NA ,NA ,NA ,NA ,NA ,NA ,NA ,NA ,NA ,NA ,NA ,NA ,NA ,NA ,NA ,NA ,NA ,NA ,NA ,NA ,NA ,NA ,NA ,NA ,NA ,NA ,NA ,NA ,NA ,NA ,NA ,NA ,NA ,NA ,NA ,NA ,NA ,NA ,NA ,NA ,NA ,NA ,NA ,NA ,NA ,NA ,NA ,NA ,NA ,NA ,NA 
5,1993,4,0.698970004,0.016666667,0,0,0,21,1.342422681,0.0875,9,1,0.0375,5,0.77815125,0.020833333,2,0.477121255,0.008333333,0,0,0,0,0,0,59,1.77815125,0.245833333,0,0,0,3,0.602059991,0.0125,22,1.361727836,0.091666667,0,0,0,0,0,0,23,1.380211242,0.095833333,38,1.591064607,0.158333333,0,0,0,9,1,0.0375,0,0,0,0,0,0,0,0,0,0,0,0,0,0,0,0,0,0,0,0,0,7,0.903089987,0.029166667,0,0,0,37,1.579783597,0.154166667,1,0.301029996,0.004166667,0,0,0,0,0,0,0,0,0,0,0,0,0,0,0,0,0,0,240
5,1994,0,0,0,0,0,0,68,1.838849091,0.175710594,0,0,0,9,1,0.023255814,0,0,0,0,0,0,0,0,0,16,1.230448921,0.041343669,0,0,0,0,0,0,53,1.73239376,0.136950904,0,0,0,0,0,0,2,0.477121255,0.005167959,169,2.230448921,0.436692506,50,1.707570176,0.129198966,5,0.77815125,0.012919897,0,0,0,0,0,0,0,0,0,0,0,0,0,0,0,0,0,0,0,0,0,4,0.698970004,0.010335917,0,0,0,4,0.698970004,0.010335917,5,0.77815125,0.012919897,0,0,0,0,0,0,2,0.477121255,0.005167959,0,0,0,0,0,0,0,0,0,387
5,1995,0,0,0,0,0,0,72,1.86332286,0.553846154,3,0.602059991,0.023076923,0,0,0,0,0,0,0,0,0,0,0,0,1,0.301029996,0.007692308,0,0,0,0,0,0,16,1.230448921,0.123076923,0,0,0,0,0,0,1,0.301029996,0.007692308,24,1.397940009,0.184615385,2,0.477121255,0.015384615,8,0.954242509,0.061538462,0,0,0,0,0,0,0,0,0,0,0,0,1,0.301029996,0.007692308,0,0,0,0,0,0,0,0,0,0,0,0,0,0,0,2,0.477121255,0.015384615,0,0,0,0,0,0,0,0,0,0,0,0,0,0,0,0,0,0,130
5,1996,0,0,0,1,0.301029996,0.006493506,34,1.544068044,0.220779221,6,0.84509804,0.038961039,0,0,0,0,0,0,0,0,0,9,1,0.058441558,0,0,0,0,0,0,0,0,0,48,1.69019608,0.311688312,0,0,0,0,0,0,1,0.301029996,0.006493506,13,1.146128036,0.084415584,0,0,0,22,1.361727836,0.142857143,1,0.301029996,0.006493506,0,0,0,0,0,0,0,0,0,0,0,0,0,0,0,1,0.301029996,0.006493506,0,0,0,0,0,0,15,1.204119983,0.097402597,3,0.602059991,0.019480519,0,0,0,0,0,0,0,0,0,0,0,0,0,0,0,0,0,0,154
5,1997,0,0,0,0,0,0,21,1.342422681,0.099526066,19,1.301029996,0.090047393,0,0,0,1,0.301029996,0.004739336,0,0,0,0,0,0,0,0,0,0,0,0,0,0,0,48,1.69019608,0.227488152,0,0,0,0,0,0,0,0,0,25,1.414973348,0.118483412,0,0,0,68,1.838849091,0.322274882,0,0,0,0,0,0,0,0,0,0,0,0,0,0,0,0,0,0,0,0,0,0,0,0,0,0,0,9,1,0.042654028,15,1.204119983,0.071090047,0,0,0,0,0,0,5,0.77815125,0.023696682,0,0,0,0,0,0,0,0,0,211
5,1998,0,0,0,0,0,0,4,0.698970004,0.015151515,1,0.301029996,0.003787879,0,0,0,3,0.602059991,0.011363636,0,0,0,0,0,0,0,0,0,1,0.301029996,0.003787879,0,0,0,24,1.397940009,0.090909091,0,0,0,0,0,0,0,0,0,20,1.322219295,0.075757576,4,0.698970004,0.015151515,151,2.181843588,0.571969697,3,0.602059991,0.011363636,0,0,0,0,0,0,0,0,0,0,0,0,1,0.301029996,0.003787879,0,0,0,0,0,0,0,0,0,47,1.681241237,0.178030303,4,0.698970004,0.015151515,0,0,0,0,0,0,1,0.301029996,0.003787879,0,0,0,0,0,0,0,0,0,264
5,1999,0,0,0,0,0,0,2,0.477121255,0.007407407,11,1.079181246,0.040740741,0,0,0,0,0,0,0,0,0,1,0.301029996,0.003703704,0,0,0,0,0,0,0,0,0,0,0,0,0,0,0,0,0,0,0,0,0,8,0.954242509,0.02962963,0,0,0,160,2.206825876,0.592592593,2,0.477121255,0.007407407,0,0,0,5,0.77815125,0.018518519,0,0,0,0,0,0,0,0,0,0,0,0,0,0,0,0,0,0,43,1.643452676,0.159259259,14,1.176091259,0.051851852,0,0,0,0,0,0,23,1.380211242,0.085185185,1,0.301029996,0.003703704,0,0,0,0,0,0,270
5,2000,0,0,0,0,0,0,1,0.301029996,0.003663004,1,0.301029996,0.003663004,0,0,0,0,0,0,0,0,0,0,0,0,0,0,0,0,0,0,0,0,0,6,0.84509804,0.021978022,0,0,0,0,0,0,0,0,0,0,0,0,5,0.77815125,0.018315018,168,2.227886705,0.615384615,0,0,0,0,0,0,0,0,0,0,0,0,0,0,0,1,0.301029996,0.003663004,0,0,0,0,0,0,0,0,0,51,1.716003344,0.186813187,4,0.698970004,0.014652015,0,0,0,0,0,0,34,1.544068044,0.124542125,2,0.477121255,0.007326007,0,0,0,0,0,0,273
5,2001,0,0,0,0,0,0,2,0.477121255,0.008438819,9,1,0.037974684,0,0,0,0,0,0,0,0,0,1,0.301029996,0.004219409,0,0,0,0,0,0,1,0.301029996,0.004219409,20,1.322219295,0.084388186,0,0,0,0,0,0,0,0,0,25,1.414973348,0.105485232,6,0.84509804,0.025316456,135,2.133538908,0.569620253,3,0.602059991,0.012658228,0,0,0,0,0,0,0,0,0,0,0,0,0,0,0,0,0,0,0,0,0,0,0,0,13,1.146128036,0.054852321,16,1.230448921,0.067510549,0,0,0,0,0,0,5,0.77815125,0.021097046,1,0.301029996,0.004219409,0,0,0,0,0,0,237
5,2002,0,0,0,0,0,0,0,0,0,3,0.602059991,0.025641026,0,0,0,0,0,0,0,0,0,0,0,0,0,0,0,0,0,0,0,0,0,12,1.113943352,0.102564103,0,0,0,1,0.301029996,0.008547009,0,0,0,23,1.380211242,0.196581197,9,1,0.076923077,35,1.556302501,0.299145299,2,0.477121255,0.017094017,0,0,0,0,0,0,0,0,0,0,0,0,0,0,0,0,0,0,0,0,0,0,0,0,7,0.903089987,0.05982906,15,1.204119983,0.128205128,0,0,0,0,0,0,10,1.041392685,0.085470085,0,0,0,0,0,0,0,0,0,117
5,2003,0,0,0,0,0,0,1,0.301029996,0.007874016,0,0,0,0,0,0,0,0,0,0,0,0,2,0.477121255,0.015748031,1,0.301029996,0.007874016,0,0,0,0,0,0,5,0.77815125,0.039370079,0,0,0,0,0,0,0,0,0,6,0.84509804,0.047244094,23,1.380211242,0.181102362,66,1.826074803,0.519685039,1,0.301029996,0.007874016,0,0,0,0,0,0,0,0,0,0,0,0,0,0,0,0,0,0,0,0,0,0,0,0,2,0.477121255,0.015748031,13,1.146128036,0.102362205,3,0.602059991,0.023622047,0,0,0,3,0.602059991,0.023622047,1,0.301029996,0.007874016,0,0,0,0,0,0,127
5,2004,0,0,0,0,0,0,2,0.477121255,0.015384615,0,0,0,0,0,0,0,0,0,0,0,0,1,0.301029996,0.007692308,0,0,0,0,0,0,0,0,0,3,0.602059991,0.023076923,0,0,0,0,0,0,0,0,0,0,0,0,2,0.477121255,0.015384615,84,1.929418926,0.646153846,0,0,0,0,0,0,0,0,0,0,0,0,0,0,0,3,0.602059991,0.023076923,0,0,0,0,0,0,0,0,0,16,1.230448921,0.123076923,11,1.079181246,0.084615385,0,0,0,0,0,0,8,0.954242509,0.061538462,0,0,0,0,0,0,0,0,0,130
5,2005,0,0,0,0,0,0,3,0.602059991,0.02173913,0,0,0,0,0,0,0,0,0,0,0,0,10,1.041392685,0.072463768,0,0,0,0,0,0,0,0,0,7,0.903089987,0.050724638,0,0,0,0,0,0,0,0,0,5,0.77815125,0.036231884,0,0,0,82,1.919078092,0.594202899,0,0,0,1,0.301029996,0.007246377,0,0,0,0,0,0,0,0,0,0,0,0,0,0,0,0,0,0,0,0,0,18,1.278753601,0.130434783,9,1,0.065217391,0,0,0,0,0,0,3,0.602059991,0.02173913,0,0,0,0,0,0,0,0,0,138
5,2006,0,0,0,0,0,0,0,0,0,0,0,0,0,0,0,0,0,0,0,0,0,6,0.84509804,0.016438356,0,0,0,0,0,0,0,0,0,2,0.477121255,0.005479452,0,0,0,0,0,0,0,0,0,0,0,0,0,0,0,279,2.447158031,0.764383562,0,0,0,0,0,0,0,0,0,0,0,0,0,0,0,1,0.301029996,0.002739726,0,0,0,0,0,0,0,0,0,57,1.763427994,0.156164384,9,1,0.024657534,0,0,0,0,0,0,11,1.079181246,0.030136986,0,0,0,0,0,0,0,0,0,365
5,2007,0,0,0,0,0,0,0,0,0,0,0,0,0,0,0,0,0,0,0,0,0,20,1.322219295,0.175438596,0,0,0,0,0,0,0,0,0,10,1.041392685,0.087719298,0,0,0,0,0,0,0,0,0,12,1.113943352,0.105263158,2,0.477121255,0.01754386,53,1.73239376,0.464912281,0,0,0,0,0,0,0,0,0,0,0,0,0,0,0,0,0,0,0,0,0,0,0,0,0,0,0,14,1.176091259,0.122807018,2,0.477121255,0.01754386,0,0,0,0,0,0,1,0.301029996,0.00877193,0,0,0,0,0,0,0,0,0,114
5,2008,0,0,0,0,0,0,0,0,0,1,0.301029996,0.003367003,0,0,0,0,0,0,0,0,0,27,1.447158031,0.090909091,0,0,0,0,0,0,0,0,0,1,0.301029996,0.003367003,0,0,0,0,0,0,0,0,0,12,1.113943352,0.04040404,2,0.477121255,0.006734007,121,2.086359831,0.407407407,0,0,0,0,0,0,0,0,0,0,0,0,0,0,0,0,0,0,0,0,0,0,0,0,0,0,0,123,2.093421685,0.414141414,1,0.301029996,0.003367003,0,0,0,0,0,0,9,1,0.03030303,0,0,0,0,0,0,0,0,0,297
5,2010,0,0,0,0,0,0,3,0.602059991,0.008982036,1,0.301029996,0.002994012,0,0,0,0,0,0,0,0,0,35,1.556302501,0.104790419,0,0,0,0,0,0,0,0,0,3,0.602059991,0.008982036,0,0,0,0,0,0,0,0,0,17,1.255272505,0.050898204,1,0.301029996,0.002994012,135,2.133538908,0.404191617,0,0,0,0,0,0,0,0,0,0,0,0,0,0,0,0,0,0,0,0,0,0,0,0,0,0,0,119,2.079181246,0.356287425,0,0,0,0,0,0,0,0,0,20,1.322219295,0.05988024,0,0,0,0,0,0,0,0,0,334
5,2011,NA,NA,NA,NA,NA,NA,NA,NA,NA,NA,NA,NA,NA,NA,NA,NA,NA,NA,NA,NA,NA,NA,NA,NA,NA,NA,NA,NA,NA,NA,NA,NA,NA,NA,NA,NA,NA,NA,NA,NA,NA,NA,NA,NA,NA,NA,NA,NA,NA,NA,NA,NA,NA,NA,NA,NA,NA,NA,NA,NA,NA,NA,NA,NA,NA,NA,NA,NA,NA,NA,NA,NA,NA,NA,NA,NA,NA,NA,NA,NA,NA,NA,NA,NA,NA,NA,NA,NA,NA,NA,NA,NA,NA,NA,NA,NA,NA,NA,NA,NA,NA,NA,NA,NA,NA,NA
5,2012,0,0,0,0,0,0,0,0,0,0,0,0,0,0,0,0,0,0,0,0,0,5,0.77815125,0.021008403,0,0,0,0,0,0,0,0,0,0,0,0,0,0,0,0,0,0,0,0,0,7,0.903089987,0.029411765,0,0,0,179,2.255272505,0.75210084,0,0,0,0,0,0,0,0,0,0,0,0,0,0,0,0,0,0,0,0,0,0,0,0,0,0,0,20,1.322219295,0.084033613,1,0.301029996,0.004201681,0,0,0,0,0,0,26,1.431363764,0.109243697,0,0,0,0,0,0,0,0,0,238
5,2013,0,0,0,0,0,0,0,0,0,5,0.77815125,0.015822785,0,0,0,0,0,0,0,0,0,73,1.86923172,0.231012658,0,0,0,0,0,0,0,0,0,0,0,0,0,0,0,0,0,0,0,0,0,5,0.77815125,0.015822785,0,0,0,165,2.220108088,0.522151899,0,0,0,0,0,0,0,0,0,0,0,0,0,0,0,0,0,0,0,0,0,0,0,0,0,0,0,32,1.51851394,0.101265823,0,0,0,0,0,0,0,0,0,36,1.568201724,0.113924051,0,0,0,0,0,0,0,0,0,316
5,2014,0,0,0,0,0,0,0,0,0,1,0.301029996,0.003984064,0,0,0,0,0,0,0,0,0,26,1.431363764,0.103585657,0,0,0,0,0,0,0,0,0,5,0.77815125,0.019920319,0,0,0,0,0,0,0,0,0,3,0.602059991,0.011952191,0,0,0,179,2.255272505,0.71314741,0,0,0,0,0,0,0,0,0,0,0,0,0,0,0,0,0,0,0,0,0,0,0,0,0,0,0,3,0.602059991,0.011952191,0,0,0,0,0,0,0,0,0,34,1.544068044,0.135458167,0,0,0,0,0,0,0,0,0,251
5,2015,0,0,0,0,0,0,0,0,0,0,0,0,0,0,0,0,0,0,0,0,0,18,1.278753601,0.048648649,0,0,0,0,0,0,0,0,0,0,0,0,0,0,0,0,0,0,0,0,0,3,0.602059991,0.008108108,0,0,0,184,2.267171728,0.497297297,0,0,0,0,0,0,0,0,0,0,0,0,0,0,0,0,0,0,0,0,0,0,0,0,0,0,0,73,1.86923172,0.197297297,0,0,0,0,0,0,0,0,0,92,1.968482949,0.248648649,0,0,0,0,0,0,0,0,0,370
5,2016,0,0,0,0,0,0,1,0.301029996,0.003533569,0,0,0,0,0,0,0,0,0,0,0,0,0,0,0,0,0,0,0,0,0,0,0,0,0,0,0,0,0,0,0,0,0,0,0,0,4,0.698970004,0.014134276,0,0,0,183,2.264817823,0.64664311,0,0,0,0,0,0,0,0,0,0,0,0,0,0,0,0,0,0,0,0,0,0,0,0,0,0,0,31,1.505149978,0.109540636,0,0,0,3,0.602059991,0.010600707,0,0,0,61,1.792391689,0.215547703,0,0,0,0,0,0,0,0,0,283
5,2017,0,0,0,0,0,0,0,0,0,0,0,0,0,0,0,0,0,0,0,0,0,10,1.041392685,0.009699321,0,0,0,0,0,0,0,0,0,1,0.301029996,0.000969932,0,0,0,0,0,0,0,0,0,8,0.954242509,0.007759457,1,0.301029996,0.000969932,510,2.7084209,0.494665373,0,0,0,0,0,0,0,0,0,0,0,0,0,0,0,0,0,0,0,0,0,0,0,0,0,0,0,323,2.51054501,0.31328807,0,0,0,0,0,0,0,0,0,178,2.252853031,0.172647915,0,0,0,0,0,0,0,0,0,1031
6,1993,12,1.113943352,0.072289157,0,0,0,51,1.716003344,0.307228916,0,0,0,0,0,0,0,0,0,0,0,0,19,1.301029996,0.114457831,0,0,0,0,0,0,0,0,0,2,0.477121255,0.012048193,0,0,0,0,0,0,5,0.77815125,0.030120482,60,1.785329835,0.361445783,0,0,0,4,0.698970004,0.024096386,0,0,0,0,0,0,0,0,0,0,0,0,0,0,0,0,0,0,0,0,0,0,0,0,0,0,0,12,1.113943352,0.072289157,1,0.301029996,0.006024096,0,0,0,0,0,0,0,0,0,0,0,0,0,0,0,0,0,0,166
6,1994,4,0.698970004,0.011173184,0,0,0,159,2.204119983,0.444134078,3,0.602059991,0.008379888,3,0.602059991,0.008379888,0,0,0,0,0,0,5,0.77815125,0.01396648,1,0.301029996,0.002793296,0,0,0,3,0.602059991,0.008379888,10,1.041392685,0.027932961,0,0,0,0,0,0,3,0.602059991,0.008379888,57,1.763427994,0.159217877,100,2.004321374,0.279329609,3,0.602059991,0.008379888,0,0,0,0,0,0,0,0,0,0,0,0,0,0,0,0,0,0,0,0,0,0,0,0,0,0,0,7,0.903089987,0.019553073,0,0,0,0,0,0,0,0,0,0,0,0,0,0,0,0,0,0,0,0,0,358
6,1995,3,0.602059991,0.011235955,0,0,0,123,2.093421685,0.460674157,21,1.342422681,0.078651685,0,0,0,1,0.301029996,0.003745318,0,0,0,1,0.301029996,0.003745318,3,0.602059991,0.011235955,0,0,0,1,0.301029996,0.003745318,31,1.505149978,0.116104869,0,0,0,1,0.301029996,0.003745318,3,0.602059991,0.011235955,39,1.602059991,0.146067416,25,1.414973348,0.093632959,9,1,0.033707865,0,0,0,0,0,0,0,0,0,0,0,0,1,0.301029996,0.003745318,0,0,0,0,0,0,1,0.301029996,0.003745318,0,0,0,3,0.602059991,0.011235955,0,0,0,0,0,0,0,0,0,1,0.301029996,0.003745318,0,0,0,0,0,0,0,0,0,267
6,1996,0,0,0,1,0.301029996,0.00390625,105,2.025305865,0.41015625,39,1.602059991,0.15234375,0,0,0,0,0,0,0,0,0,3,0.602059991,0.01171875,0,0,0,0,0,0,0,0,0,73,1.86923172,0.28515625,0,0,0,2,0.477121255,0.0078125,1,0.301029996,0.00390625,12,1.113943352,0.046875,7,0.903089987,0.02734375,7,0.903089987,0.02734375,0,0,0,0,0,0,0,0,0,0,0,0,0,0,0,4,0.698970004,0.015625,0,0,0,0,0,0,0,0,0,2,0.477121255,0.0078125,0,0,0,0,0,0,0,0,0,0,0,0,0,0,0,0,0,0,0,0,0,256
6,1997,0,0,0,0,0,0,41,1.62324929,0.220430108,12,1.113943352,0.064516129,0,0,0,11,1.079181246,0.059139785,0,0,0,5,0.77815125,0.02688172,0,0,0,0,0,0,1,0.301029996,0.005376344,22,1.361727836,0.11827957,0,0,0,2,0.477121255,0.010752688,1,0.301029996,0.005376344,56,1.755874856,0.301075269,0,0,0,25,1.414973348,0.134408602,0,0,0,0,0,0,0,0,0,0,0,0,0,0,0,0,0,0,9,1,0.048387097,0,0,0,0,0,0,0,0,0,1,0.301029996,0.005376344,0,0,0,0,0,0,0,0,0,0,0,0,0,0,0,0,0,0,186
6,1998,0,0,0,0,0,0,9,1,0.052023121,10,1.041392685,0.057803468,0,0,0,19,1.301029996,0.10982659,0,0,0,0,0,0,0,0,0,0,0,0,0,0,0,23,1.380211242,0.132947977,0,0,0,4,0.698970004,0.023121387,0,0,0,12,1.113943352,0.069364162,4,0.698970004,0.023121387,66,1.826074803,0.38150289,5,0.77815125,0.028901734,0,0,0,0,0,0,0,0,0,0,0,0,5,0.77815125,0.028901734,0,0,0,0,0,0,0,0,0,15,1.204119983,0.086705202,0,0,0,0,0,0,0,0,0,1,0.301029996,0.005780347,0,0,0,0,0,0,0,0,0,173
6,1999,0,0,0,1,0.301029996,0.002923977,0,0,0,1,0.301029996,0.002923977,0,0,0,0,0,0,0,0,0,0,0,0,0,0,0,0,0,0,0,0,0,0,0,0,0,0,0,0,0,0,0,0,0,5,0.77815125,0.014619883,5,0.77815125,0.014619883,313,2.496929648,0.915204678,0,0,0,0,0,0,0,0,0,0,0,0,0,0,0,0,0,0,1,0.301029996,0.002923977,0,0,0,0,0,0,16,1.230448921,0.046783626,0,0,0,0,0,0,0,0,0,0,0,0,0,0,0,0,0,0,0,0,0,342
6,2000,0,0,0,0,0,0,1,0.301029996,0.001078749,9,1,0.009708738,0,0,0,1,0.301029996,0.001078749,0,0,0,6,0.84509804,0.006472492,0,0,0,0,0,0,0,0,0,3,0.602059991,0.003236246,0,0,0,3,0.602059991,0.003236246,0,0,0,29,1.477121255,0.031283711,10,1.041392685,0.010787487,615,2.789580712,0.663430421,0,0,0,1,0.301029996,0.001078749,0,0,0,0,0,0,0,0,0,6,0.84509804,0.006472492,0,0,0,0,0,0,0,0,0,240,2.382017043,0.258899676,3,0.602059991,0.003236246,0,0,0,0,0,0,0,0,0,0,0,0,0,0,0,0,0,0,927
6,2001,0,0,0,0,0,0,18,1.278753601,0.02538787,10,1.041392685,0.014104372,0,0,0,0,0,0,0,0,0,2,0.477121255,0.002820874,0,0,0,0,0,0,0,0,0,3,0.602059991,0.004231312,0,0,0,0,0,0,0,0,0,131,2.120573931,0.184767278,3,0.602059991,0.004231312,364,2.562292864,0.513399154,4,0.698970004,0.005641749,0,0,0,0,0,0,0,0,0,25,1.414973348,0.035260931,1,0.301029996,0.001410437,1,0.301029996,0.001410437,0,0,0,0,0,0,146,2.167317335,0.205923836,1,0.301029996,0.001410437,0,0,0,0,0,0,0,0,0,0,0,0,0,0,0,0,0,0,709
6,2002,1,0.301029996,0.00257732,0,0,0,6,0.84509804,0.015463918,7,0.903089987,0.018041237,0,0,0,0,0,0,0,0,0,2,0.477121255,0.005154639,1,0.301029996,0.00257732,0,0,0,0,0,0,11,1.079181246,0.028350515,0,0,0,168,2.227886705,0.432989691,0,0,0,100,2.004321374,0.257731959,7,0.903089987,0.018041237,72,1.86332286,0.18556701,1,0.301029996,0.00257732,0,0,0,0,0,0,0,0,0,1,0.301029996,0.00257732,0,0,0,0,0,0,0,0,0,0,0,0,10,1.041392685,0.025773196,1,0.301029996,0.00257732,0,0,0,0,0,0,0,0,0,0,0,0,0,0,0,0,0,0,388
6,2003,0,0,0,0,0,0,15,1.204119983,0.067567568,1,0.301029996,0.004504505,0,0,0,0,0,0,0,0,0,3,0.602059991,0.013513514,0,0,0,0,0,0,0,0,0,26,1.431363764,0.117117117,0,0,0,0,0,0,0,0,0,5,0.77815125,0.022522523,27,1.447158031,0.121621622,137,2.139879086,0.617117117,0,0,0,0,0,0,0,0,0,0,0,0,2,0.477121255,0.009009009,4,0.698970004,0.018018018,0,0,0,0,0,0,0,0,0,2,0.477121255,0.009009009,0,0,0,0,0,0,0,0,0,0,0,0,0,0,0,0,0,0,0,0,0,222
6,2004,1,0.301029996,0.001845018,0,0,0,17,1.255272505,0.031365314,11,1.079181246,0.020295203,0,0,0,0,0,0,0,0,0,3,0.602059991,0.005535055,0,0,0,0,0,0,0,0,0,22,1.361727836,0.040590406,0,0,0,0,0,0,0,0,0,41,1.62324929,0.075645756,6,0.84509804,0.011070111,249,2.397940009,0.459409594,0,0,0,0,0,0,0,0,0,0,0,0,1,0.301029996,0.001845018,2,0.477121255,0.003690037,0,0,0,0,0,0,0,0,0,184,2.267171728,0.339483395,0,0,0,0,0,0,0,0,0,4,0.698970004,0.007380074,1,0.301029996,0.001845018,0,0,0,0,0,0,542
6,2005,0,0,0,0,0,0,8,0.954242509,0.02640264,1,0.301029996,0.00330033,0,0,0,0,0,0,0,0,0,28,1.462397998,0.092409241,0,0,0,0,0,0,0,0,0,23,1.380211242,0.075907591,0,0,0,0,0,0,0,0,0,50,1.707570176,0.165016502,1,0.301029996,0.00330033,159,2.204119983,0.524752475,0,0,0,0,0,0,0,0,0,0,0,0,0,0,0,2,0.477121255,0.00660066,0,0,0,0,0,0,0,0,0,25,1.414973348,0.082508251,0,0,0,0,0,0,0,0,0,6,0.84509804,0.01980198,0,0,0,0,0,0,0,0,0,303
6,2006,0,0,0,0,0,0,3,0.602059991,0.0078125,1,0.301029996,0.002604167,0,0,0,1,0.301029996,0.002604167,0,0,0,25,1.414973348,0.065104167,0,0,0,0,0,0,0,0,0,11,1.079181246,0.028645833,0,0,0,0,0,0,0,0,0,30,1.491361694,0.078125,0,0,0,256,2.409933123,0.666666667,0,0,0,0,0,0,0,0,0,0,0,0,0,0,0,5,0.77815125,0.013020833,0,0,0,0,0,0,0,0,0,34,1.544068044,0.088541667,1,0.301029996,0.002604167,1,0.301029996,0.002604167,0,0,0,16,1.230448921,0.041666667,0,0,0,0,0,0,0,0,0,384
6,2007,0,0,0,0,0,0,9,1,0.013574661,1,0.301029996,0.001508296,0,0,0,0,0,0,0,0,0,66,1.826074803,0.099547511,0,0,0,0,0,0,0,0,0,4,0.698970004,0.006033183,0,0,0,2,0.477121255,0.003016591,0,0,0,39,1.602059991,0.058823529,0,0,0,387,2.588831726,0.583710407,0,0,0,0,0,0,0,0,0,0,0,0,1,0.301029996,0.001508296,1,0.301029996,0.001508296,0,0,0,0,0,0,0,0,0,153,2.187520721,0.230769231,0,0,0,0,0,0,0,0,0,0,0,0,0,0,0,0,0,0,0,0,0,663
6,2008,0,0,0,0,0,0,6,0.84509804,0.006256517,1,0.301029996,0.001042753,0,0,0,0,0,0,0,0,0,101,2.008600172,0.10531804,0,0,0,0,0,0,0,0,0,5,0.77815125,0.005213764,0,0,0,0,0,0,0,0,0,38,1.591064607,0.039624609,0,0,0,497,2.697229343,0.518248175,0,0,0,0,0,0,0,0,0,0,0,0,1,0.301029996,0.001042753,0,0,0,0,0,0,0,0,0,0,0,0,307,2.488550717,0.32012513,0,0,0,1,0.301029996,0.001042753,0,0,0,2,0.477121255,0.002085506,0,0,0,0,0,0,0,0,0,959
6,2010,0,0,0,0,0,0,6,0.84509804,0.013157895,5,0.77815125,0.010964912,0,0,0,1,0.301029996,0.002192982,0,0,0,40,1.612783857,0.087719298,0,0,0,0,0,0,0,0,0,2,0.477121255,0.004385965,0,0,0,0,0,0,1,0.301029996,0.002192982,53,1.73239376,0.11622807,1,0.301029996,0.002192982,251,2.401400541,0.550438596,0,0,0,0,0,0,0,0,0,0,0,0,2,0.477121255,0.004385965,0,0,0,0,0,0,0,0,0,0,0,0,94,1.977723605,0.206140351,0,0,0,0,0,0,0,0,0,0,0,0,0,0,0,0,0,0,0,0,0,456
6,2011,NA,NA,NA,NA,NA,NA,NA,NA,NA,NA,NA,NA,NA,NA,NA,NA,NA,NA,NA,NA,NA,NA,NA,NA,NA,NA,NA,NA,NA,NA,NA,NA,NA,NA,NA,NA,NA,NA,NA,NA,NA,NA,NA,NA,NA,NA,NA,NA,NA,NA,NA,NA,NA,NA,NA,NA,NA,NA,NA,NA,NA,NA,NA,NA,NA,NA,NA,NA,NA,NA,NA,NA,NA,NA,NA,NA,NA,NA,NA,NA,NA,NA,NA,NA,NA,NA,NA,NA,NA,NA,NA,NA,NA,NA,NA,NA,NA,NA,NA,NA,NA,NA,NA,NA,NA,NA
6,2012,0,0,0,0,0,0,3,0.602059991,0.009646302,7,0.903089987,0.022508039,0,0,0,0,0,0,0,0,0,14,1.176091259,0.045016077,0,0,0,0,0,0,0,0,0,1,0.301029996,0.003215434,0,0,0,2,0.477121255,0.006430868,0,0,0,40,1.612783857,0.128617363,3,0.602059991,0.009646302,143,2.158362492,0.459807074,0,0,0,0,0,0,0,0,0,0,0,0,0,0,0,0,0,0,0,0,0,0,0,0,0,0,0,96,1.986771734,0.308681672,2,0.477121255,0.006430868,0,0,0,0,0,0,0,0,0,0,0,0,0,0,0,0,0,0,311
6,2013,0,0,0,0,0,0,0,0,0,7,0.903089987,0.006862745,0,0,0,0,0,0,0,0,0,119,2.079181246,0.116666667,0,0,0,0,0,0,6,0.84509804,0.005882353,0,0,0,0,0,0,1,0.301029996,0.000980392,0,0,0,10,1.041392685,0.009803922,0,0,0,592,2.773054693,0.580392157,0,0,0,0,0,0,0,0,0,0,0,0,0,0,0,0,0,0,0,0,0,0,0,0,0,0,0,272,2.436162647,0.266666667,0,0,0,0,0,0,0,0,0,13,1.146128036,0.012745098,0,0,0,0,0,0,0,0,0,1020
6,2014,0,0,0,0,0,0,0,0,0,11,1.079181246,0.021400778,0,0,0,0,0,0,0,0,0,74,1.875061263,0.143968872,0,0,0,0,0,0,0,0,0,3,0.602059991,0.005836576,0,0,0,11,1.079181246,0.021400778,0,0,0,16,1.230448921,0.031128405,6,0.84509804,0.011673152,305,2.485721426,0.593385214,0,0,0,0,0,0,0,0,0,0,0,0,0,0,0,0,0,0,0,0,0,0,0,0,0,0,0,69,1.84509804,0.134241245,0,0,0,0,0,0,0,0,0,19,1.301029996,0.036964981,0,0,0,0,0,0,0,0,0,514
6,2015,0,0,0,0,0,0,3,0.602059991,0.008064516,5,0.77815125,0.01344086,0,0,0,0,0,0,0,0,0,14,1.176091259,0.037634409,1,0.301029996,0.002688172,0,0,0,0,0,0,2,0.477121255,0.005376344,0,0,0,1,0.301029996,0.002688172,0,0,0,42,1.633468456,0.112903226,0,0,0,239,2.380211242,0.642473118,0,0,0,0,0,0,0,0,0,0,0,0,0,0,0,0,0,0,0,0,0,0,0,0,0,0,0,47,1.681241237,0.126344086,6,0.84509804,0.016129032,0,0,0,0,0,0,12,1.113943352,0.032258065,0,0,0,0,0,0,0,0,0,372
6,2016,0,0,0,0,0,0,16,1.230448921,0.062256809,3,0.602059991,0.011673152,0,0,0,0,0,0,0,0,0,10,1.041392685,0.038910506,0,0,0,0,0,0,0,0,0,7,0.903089987,0.027237354,0,0,0,1,0.301029996,0.003891051,0,0,0,49,1.698970004,0.190661479,4,0.698970004,0.015564202,148,2.173186268,0.575875486,0,0,0,0,0,0,0,0,0,0,0,0,0,0,0,0,0,0,0,0,0,0,0,0,0,0,0,14,1.176091259,0.054474708,0,0,0,1,0.301029996,0.003891051,0,0,0,4,0.698970004,0.015564202,0,0,0,0,0,0,0,0,0,257
6,2017,0,0,0,0,0,0,5,0.77815125,0.010706638,0,0,0,0,0,0,0,0,0,0,0,0,9,1,0.019271949,0,0,0,1,0.301029996,0.002141328,0,0,0,6,0.84509804,0.012847966,0,0,0,2,0.477121255,0.004282655,0,0,0,41,1.62324929,0.087794433,0,0,0,268,2.42975228,0.573875803,0,0,0,0,0,0,0,0,0,0,0,0,3,0.602059991,0.006423983,1,0.301029996,0.002141328,0,0,0,0,0,0,0,0,0,118,2.075546961,0.25267666,4,0.698970004,0.00856531,0,0,0,0,0,0,9,1,0.019271949,0,0,0,0,0,0,0,0,0,467
9,1993,0,0,0,0,0,0,137,2.139879086,0.713541667,6,0.84509804,0.03125,0,0,0,0,0,0,0,0,0,1,0.301029996,0.005208333,8,0.954242509,0.041666667,6,0.84509804,0.03125,0,0,0,2,0.477121255,0.010416667,0,0,0,0,0,0,4,0.698970004,0.020833333,13,1.146128036,0.067708333,12,1.113943352,0.0625,0,0,0,0,0,0,0,0,0,0,0,0,0,0,0,0,0,0,0,0,0,0,0,0,2,0.477121255,0.010416667,0,0,0,1,0.301029996,0.005208333,0,0,0,0,0,0,0,0,0,0,0,0,0,0,0,0,0,0,0,0,0,192
9,1994,0,0,0,1,0.301029996,0.002159827,364,2.562292864,0.786177106,3,0.602059991,0.006479482,0,0,0,0,0,0,0,0,0,8,0.954242509,0.017278618,12,1.113943352,0.025917927,0,0,0,4,0.698970004,0.008639309,4,0.698970004,0.008639309,0,0,0,0,0,0,5,0.77815125,0.010799136,27,1.447158031,0.058315335,25,1.414973348,0.05399568,0,0,0,0,0,0,0,0,0,0,0,0,0,0,0,0,0,0,0,0,0,0,0,0,1,0.301029996,0.002159827,0,0,0,9,1,0.019438445,0,0,0,0,0,0,0,0,0,0,0,0,0,0,0,0,0,0,0,0,0,463
9,1995,0,0,0,6,0.84509804,0.02247191,196,2.294466226,0.734082397,1,0.301029996,0.003745318,0,0,0,0,0,0,0,0,0,0,0,0,2,0.477121255,0.007490637,2,0.477121255,0.007490637,1,0.301029996,0.003745318,16,1.230448921,0.059925094,0,0,0,14,1.176091259,0.052434457,8,0.954242509,0.029962547,15,1.204119983,0.056179775,3,0.602059991,0.011235955,0,0,0,0,0,0,0,0,0,0,0,0,1,0.301029996,0.003745318,2,0.477121255,0.007490637,0,0,0,0,0,0,0,0,0,0,0,0,0,0,0,0,0,0,0,0,0,0,0,0,0,0,0,0,0,0,0,0,0,0,0,0,267
9,1996,5,0.77815125,0.018181818,0,0,0,177,2.250420002,0.643636364,2,0.477121255,0.007272727,0,0,0,0,0,0,0,0,0,1,0.301029996,0.003636364,0,0,0,0,0,0,1,0.301029996,0.003636364,10,1.041392685,0.036363636,0,0,0,4,0.698970004,0.014545455,3,0.602059991,0.010909091,15,1.204119983,0.054545455,50,1.707570176,0.181818182,0,0,0,0,0,0,0,0,0,0,0,0,0,0,0,0,0,0,0,0,0,0,0,0,2,0.477121255,0.007272727,0,0,0,4,0.698970004,0.014545455,0,0,0,0,0,0,0,0,0,0,0,0,0,0,0,1,0.301029996,0.003636364,0,0,0,275
9,1997,0,0,0,1,0.301029996,0.01369863,41,1.62324929,0.561643836,2,0.477121255,0.02739726,0,0,0,0,0,0,0,0,0,0,0,0,0,0,0,0,0,0,0,0,0,2,0.477121255,0.02739726,0,0,0,0,0,0,0,0,0,19,1.301029996,0.260273973,1,0.301029996,0.01369863,0,0,0,0,0,0,0,0,0,0,0,0,0,0,0,0,0,0,4,0.698970004,0.054794521,0,0,0,0,0,0,0,0,0,0,0,0,0,0,0,0,0,0,0,0,0,1,0.301029996,0.01369863,0,0,0,2,0.477121255,0.02739726,0,0,0,73
9,1998,0,0,0,1,0.301029996,0.008196721,77,1.892094603,0.631147541,6,0.84509804,0.049180328,0,0,0,0,0,0,0,0,0,0,0,0,0,0,0,0,0,0,0,0,0,10,1.041392685,0.081967213,0,0,0,0,0,0,0,0,0,12,1.113943352,0.098360656,4,0.698970004,0.032786885,0,0,0,0,0,0,0,0,0,0,0,0,0,0,0,5,0.77815125,0.040983607,3,0.602059991,0.024590164,0,0,0,0,0,0,0,0,0,0,0,0,3,0.602059991,0.024590164,0,0,0,0,0,0,1,0.301029996,0.008196721,0,0,0,0,0,0,0,0,0,122
9,1999,0,0,0,1,0.301029996,0.015625,15,1.204119983,0.234375,8,0.954242509,0.125,0,0,0,0,0,0,0,0,0,0,0,0,0,0,0,0,0,0,0,0,0,9,1,0.140625,0,0,0,0,0,0,0,0,0,19,1.301029996,0.296875,5,0.77815125,0.078125,1,0.301029996,0.015625,0,0,0,0,0,0,0,0,0,0,0,0,1,0.301029996,0.015625,4,0.698970004,0.0625,0,0,0,0,0,0,0,0,0,0,0,0,0,0,0,0,0,0,0,0,0,0,0,0,0,0,0,1,0.301029996,0.015625,0,0,0,64
9,2000,NA ,NA ,NA ,NA ,NA ,NA ,NA ,NA ,NA ,NA ,NA ,NA ,NA ,NA ,NA ,NA ,NA ,NA ,NA ,NA ,NA ,NA ,NA ,NA ,NA ,NA ,NA ,NA ,NA ,NA ,NA ,NA ,NA ,NA ,NA ,NA ,NA ,NA ,NA ,NA ,NA ,NA ,NA ,NA ,NA ,NA ,NA ,NA ,NA ,NA ,NA ,NA ,NA ,NA ,NA ,NA ,NA ,NA ,NA ,NA ,NA ,NA ,NA ,NA ,NA ,NA ,NA ,NA ,NA ,NA ,NA ,NA ,NA ,NA ,NA ,NA ,NA ,NA ,NA ,NA ,NA ,NA ,NA ,NA ,NA ,NA ,NA ,NA ,NA ,NA ,NA ,NA ,NA ,NA ,NA ,NA ,NA ,NA ,NA ,NA ,NA ,NA ,NA ,NA ,NA ,NA 
9,2001,NA ,NA ,NA ,NA ,NA ,NA ,NA ,NA ,NA ,NA ,NA ,NA ,NA ,NA ,NA ,NA ,NA ,NA ,NA ,NA ,NA ,NA ,NA ,NA ,NA ,NA ,NA ,NA ,NA ,NA ,NA ,NA ,NA ,NA ,NA ,NA ,NA ,NA ,NA ,NA ,NA ,NA ,NA ,NA ,NA ,NA ,NA ,NA ,NA ,NA ,NA ,NA ,NA ,NA ,NA ,NA ,NA ,NA ,NA ,NA ,NA ,NA ,NA ,NA ,NA ,NA ,NA ,NA ,NA ,NA ,NA ,NA ,NA ,NA ,NA ,NA ,NA ,NA ,NA ,NA ,NA ,NA ,NA ,NA ,NA ,NA ,NA ,NA ,NA ,NA ,NA ,NA ,NA ,NA ,NA ,NA ,NA ,NA ,NA ,NA ,NA ,NA ,NA ,NA ,NA ,NA 
9,2002,0,0,0,0,0,0,141,2.152288344,0.544401544,14,1.176091259,0.054054054,0,0,0,0,0,0,0,0,0,0,0,0,0,0,0,0,0,0,0,0,0,21,1.342422681,0.081081081,0,0,0,31,1.505149978,0.11969112,0,0,0,31,1.505149978,0.11969112,6,0.84509804,0.023166023,0,0,0,3,0.602059991,0.011583012,0,0,0,0,0,0,0,0,0,9,1,0.034749035,0,0,0,0,0,0,0,0,0,0,0,0,1,0.301029996,0.003861004,0,0,0,0,0,0,0,0,0,0,0,0,1,0.301029996,0.003861004,1,0.301029996,0.003861004,0,0,0,259
9,2003,0,0,0,0,0,0,176,2.247973266,0.676923077,11,1.079181246,0.042307692,0,0,0,0,0,0,0,0,0,0,0,0,0,0,0,0,0,0,0,0,0,27,1.447158031,0.103846154,0,0,0,0,0,0,2,0.477121255,0.007692308,20,1.322219295,0.076923077,0,0,0,1,0.301029996,0.003846154,0,0,0,0,0,0,0,0,0,0,0,0,11,1.079181246,0.042307692,0,0,0,0,0,0,0,0,0,0,0,0,12,1.113943352,0.046153846,0,0,0,0,0,0,0,0,0,0,0,0,0,0,0,0,0,0,0,0,0,260
9,2004,0,0,0,0,0,0,76,1.886490725,0.496732026,0,0,0,0,0,0,0,0,0,0,0,0,0,0,0,0,0,0,0,0,0,0,0,0,31,1.505149978,0.202614379,0,0,0,0,0,0,3,0.602059991,0.019607843,33,1.531478917,0.215686275,4,0.698970004,0.026143791,0,0,0,0,0,0,0,0,0,0,0,0,0,0,0,4,0.698970004,0.026143791,0,0,0,0,0,0,0,0,0,0,0,0,0,0,0,2,0.477121255,0.013071895,0,0,0,0,0,0,0,0,0,0,0,0,0,0,0,0,0,0,153
9,2005,0,0,0,0,0,0,231,2.365487985,0.677419355,13,1.146128036,0.038123167,0,0,0,0,0,0,0,0,0,1,0.301029996,0.002932551,0,0,0,0,0,0,0,0,0,35,1.556302501,0.102639296,0,0,0,3,0.602059991,0.008797654,0,0,0,28,1.462397998,0.082111437,1,0.301029996,0.002932551,1,0.301029996,0.002932551,0,0,0,5,0.77815125,0.014662757,0,0,0,0,0,0,15,1.204119983,0.04398827,1,0.301029996,0.002932551,0,0,0,0,0,0,0,0,0,0,0,0,0,0,0,0,0,0,0,0,0,5,0.77815125,0.014662757,2,0.477121255,0.005865103,0,0,0,0,0,0,341
9,2006,0,0,0,0,0,0,285,2.456366033,0.714285714,16,1.230448921,0.040100251,0,0,0,0,0,0,0,0,0,3,0.602059991,0.007518797,0,0,0,1,0.301029996,0.002506266,0,0,0,21,1.342422681,0.052631579,0,0,0,17,1.255272505,0.042606516,1,0.301029996,0.002506266,25,1.414973348,0.062656642,0,0,0,5,0.77815125,0.012531328,0,0,0,0,0,0,0,0,0,0,0,0,17,1.255272505,0.042606516,0,0,0,0,0,0,0,0,0,0,0,0,1,0.301029996,0.002506266,2,0.477121255,0.005012531,0,0,0,0,0,0,3,0.602059991,0.007518797,2,0.477121255,0.005012531,0,0,0,0,0,0,399
9,2007,0,0,0,0,0,0,112,2.053078443,0.38225256,5,0.77815125,0.017064846,0,0,0,0,0,0,0,0,0,3,0.602059991,0.010238908,0,0,0,0,0,0,0,0,0,14,1.176091259,0.04778157,0,0,0,57,1.763427994,0.194539249,0,0,0,78,1.897627091,0.266211604,2,0.477121255,0.006825939,0,0,0,0,0,0,0,0,0,0,0,0,0,0,0,20,1.322219295,0.068259386,0,0,0,0,0,0,0,0,0,0,0,0,0,0,0,1,0.301029996,0.003412969,0,0,0,0,0,0,0,0,0,1,0.301029996,0.003412969,0,0,0,0,0,0,293
9,2008,0,0,0,0,0,0,172,2.238046103,0.356846473,120,2.08278537,0.248962656,0,0,0,0,0,0,0,0,0,3,0.602059991,0.006224066,0,0,0,0,0,0,0,0,0,16,1.230448921,0.033195021,0,0,0,7,0.903089987,0.014522822,2,0.477121255,0.004149378,119,2.079181246,0.246887967,1,0.301029996,0.002074689,2,0.477121255,0.004149378,0,0,0,0,0,0,0,0,0,0,0,0,38,1.591064607,0.078838174,0,0,0,0,0,0,0,0,0,0,0,0,2,0.477121255,0.004149378,0,0,0,0,0,0,0,0,0,0,0,0,0,0,0,0,0,0,0,0,0,482
9,2010,1,0.301029996,0.003472222,0,0,0,60,1.785329835,0.208333333,18,1.278753601,0.0625,0,0,0,1,0.301029996,0.003472222,0,0,0,0,0,0,0,0,0,0,0,0,0,0,0,38,1.591064607,0.131944444,0,0,0,77,1.892094603,0.267361111,0,0,0,86,1.939519253,0.298611111,0,0,0,1,0.301029996,0.003472222,0,0,0,0,0,0,0,0,0,0,0,0,6,0.84509804,0.020833333,0,0,0,0,0,0,0,0,0,0,0,0,0,0,0,0,0,0,0,0,0,0,0,0,0,0,0,0,0,0,0,0,0,0,0,0,288
9,2011,0,0,0,0,0,0,49,1.698970004,0.096078431,76,1.886490725,0.149019608,0,0,0,0,0,0,0,0,0,0,0,0,0,0,0,0,0,0,0,0,0,35,1.556302501,0.068627451,0,0,0,146,2.167317335,0.28627451,0,0,0,196,2.294466226,0.384313725,1,0.301029996,0.001960784,2,0.477121255,0.003921569,0,0,0,0,0,0,0,0,0,0,0,0,1,0.301029996,0.001960784,0,0,0,0,0,0,0,0,0,0,0,0,1,0.301029996,0.001960784,0,0,0,1,0.301029996,0.001960784,0,0,0,2,0.477121255,0.003921569,0,0,0,0,0,0,0,0,0,510
9,2012,0,0,0,0,0,0,70,1.851258349,0.362694301,5,0.77815125,0.025906736,0,0,0,0,0,0,0,0,0,0,0,0,0,0,0,0,0,0,0,0,0,11,1.079181246,0.056994819,0,0,0,6,0.84509804,0.031088083,0,0,0,88,1.949390007,0.455958549,0,0,0,0,0,0,0,0,0,0,0,0,0,0,0,0,0,0,0,0,0,0,0,0,0,0,0,0,0,0,0,0,0,0,0,0,11,1.079181246,0.056994819,1,0.301029996,0.005181347,0,0,0,1,0.301029996,0.005181347,0,0,0,0,0,0,0,0,0,193
9,2013,0,0,0,0,0,0,12,1.113943352,0.048,14,1.176091259,0.056,0,0,0,0,0,0,0,0,0,1,0.301029996,0.004,0,0,0,0,0,0,0,0,0,6,0.84509804,0.024,0,0,0,60,1.785329835,0.24,0,0,0,138,2.1430148,0.552,18,1.278753601,0.072,0,0,0,0,0,0,0,0,0,0,0,0,0,0,0,0,0,0,0,0,0,0,0,0,0,0,0,0,0,0,1,0.301029996,0.004,0,0,0,0,0,0,0,0,0,0,0,0,0,0,0,0,0,0,0,0,0,250
9,2014,0,0,0,0,0,0,9,1,0.047619048,12,1.113943352,0.063492063,0,0,0,0,0,0,0,0,0,1,0.301029996,0.005291005,0,0,0,0,0,0,1,0.301029996,0.005291005,12,1.113943352,0.063492063,0,0,0,0,0,0,0,0,0,140,2.149219113,0.740740741,5,0.77815125,0.026455026,0,0,0,0,0,0,0,0,0,0,0,0,0,0,0,0,0,0,0,0,0,0,0,0,0,0,0,0,0,0,0,0,0,3,0.602059991,0.015873016,4,0.698970004,0.021164021,1,0.301029996,0.005291005,0,0,0,1,0.301029996,0.005291005,0,0,0,0,0,0,189
9,2015,0,0,0,0,0,0,14,1.176091259,0.123893805,4,0.698970004,0.03539823,0,0,0,0,0,0,0,0,0,0,0,0,0,0,0,0,0,0,0,0,0,3,0.602059991,0.026548673,0,0,0,1,0.301029996,0.008849558,0,0,0,83,1.924279286,0.734513274,0,0,0,0,0,0,0,0,0,0,0,0,0,0,0,0,0,0,1,0.301029996,0.008849558,0,0,0,0,0,0,0,0,0,0,0,0,0,0,0,7,0.903089987,0.061946903,0,0,0,0,0,0,0,0,0,0,0,0,0,0,0,0,0,0,113
9,2016,0,0,0,0,0,0,51,1.716003344,0.542553191,0,0,0,0,0,0,0,0,0,0,0,0,1,0.301029996,0.010638298,0,0,0,0,0,0,0,0,0,2,0.477121255,0.021276596,0,0,0,0,0,0,0,0,0,36,1.568201724,0.382978723,1,0.301029996,0.010638298,0,0,0,0,0,0,0,0,0,0,0,0,0,0,0,0,0,0,0,0,0,0,0,0,0,0,0,0,0,0,0,0,0,0,0,0,3,0.602059991,0.031914894,0,0,0,0,0,0,0,0,0,0,0,0,0,0,0,94
9,2017,0,0,0,0,0,0,109,2.041392685,0.469827586,24,1.397940009,0.103448276,0,0,0,0,0,0,0,0,0,3,0.602059991,0.012931034,0,0,0,0,0,0,0,0,0,16,1.230448921,0.068965517,0,0,0,18,1.278753601,0.077586207,0,0,0,41,1.62324929,0.176724138,1,0.301029996,0.004310345,3,0.602059991,0.012931034,0,0,0,0,0,0,0,0,0,0,0,0,8,0.954242509,0.034482759,2,0.477121255,0.00862069,0,0,0,0,0,0,0,0,0,0,0,0,3,0.602059991,0.012931034,3,0.602059991,0.012931034,0,0,0,0,0,0,1,0.301029996,0.004310345,0,0,0,0,0,0,232
10,1993,22,1.361727836,0.03348554,4,0.698970004,0.00608828,524,2.720159303,0.797564688,4,0.698970004,0.00608828,0,0,0,0,0,0,0,0,0,8,0.954242509,0.01217656,6,0.84509804,0.00913242,3,0.602059991,0.00456621,6,0.84509804,0.00913242,40,1.612783857,0.060882801,0,0,0,21,1.342422681,0.03196347,0,0,0,9,1,0.01369863,1,0.301029996,0.00152207,0,0,0,0,0,0,0,0,0,0,0,0,0,0,0,0,0,0,0,0,0,0,0,0,6,0.84509804,0.00913242,0,0,0,2,0.477121255,0.00304414,0,0,0,0,0,0,0,0,0,0,0,0,0,0,0,1,0.301029996,0.00152207,0,0,0,657
10,1994,17,1.255272505,0.008466135,0,0,0,7,0.903089987,0.003486056,0,0,0,0,0,0,0,0,0,0,0,0,2,0.477121255,0.000996016,1,0.301029996,0.000498008,157,2.198657087,0.078187251,2,0.477121255,0.000996016,32,1.51851394,0.015936255,0,0,0,16,1.230448921,0.007968127,3,0.602059991,0.001494024,0,0,0,1769,3.247973266,0.880976096,0,0,0,0,0,0,0,0,0,0,0,0,0,0,0,0,0,0,0,0,0,0,0,0,2,0.477121255,0.000996016,0,0,0,0,0,0,0,0,0,0,0,0,0,0,0,0,0,0,0,0,0,0,0,0,0,0,0,2008
10,1995,13,1.146128036,0.02832244,1,0.301029996,0.002178649,320,2.506505032,0.697167756,0,0,0,0,0,0,0,0,0,0,0,0,8,0.954242509,0.017429194,2,0.477121255,0.004357298,36,1.568201724,0.078431373,1,0.301029996,0.002178649,13,1.146128036,0.02832244,0,0,0,3,0.602059991,0.006535948,0,0,0,6,0.84509804,0.013071895,52,1.72427587,0.11328976,0,0,0,0,0,0,0,0,0,0,0,0,1,0.301029996,0.002178649,0,0,0,0,0,0,0,0,0,3,0.602059991,0.006535948,0,0,0,0,0,0,0,0,0,0,0,0,0,0,0,0,0,0,0,0,0,0,0,0,0,0,0,459
10,1996,0,0,0,3,0.602059991,0.013392857,144,2.161368002,0.642857143,3,0.602059991,0.013392857,0,0,0,2,0.477121255,0.008928571,0,0,0,1,0.301029996,0.004464286,2,0.477121255,0.008928571,20,1.322219295,0.089285714,2,0.477121255,0.008928571,15,1.204119983,0.066964286,0,0,0,1,0.301029996,0.004464286,0,0,0,7,0.903089987,0.03125,3,0.602059991,0.013392857,1,0.301029996,0.004464286,0,0,0,0,0,0,0,0,0,0,0,0,0,0,0,4,0.698970004,0.017857143,0,0,0,14,1.176091259,0.0625,0,0,0,1,0.301029996,0.004464286,0,0,0,0,0,0,0,0,0,1,0.301029996,0.004464286,0,0,0,0,0,0,0,0,0,224
10,1997,0,0,0,1,0.301029996,0.008547009,61,1.792391689,0.521367521,5,0.77815125,0.042735043,0,0,0,1,0.301029996,0.008547009,0,0,0,0,0,0,8,0.954242509,0.068376068,4,0.698970004,0.034188034,2,0.477121255,0.017094017,23,1.380211242,0.196581197,0,0,0,0,0,0,0,0,0,6,0.84509804,0.051282051,3,0.602059991,0.025641026,0,0,0,0,0,0,0,0,0,0,0,0,0,0,0,0,0,0,0,0,0,0,0,0,0,0,0,0,0,0,0,0,0,0,0,0,0,0,0,1,0.301029996,0.008547009,0,0,0,1,0.301029996,0.008547009,1,0.301029996,0.008547009,0,0,0,117
10,1998,0,0,0,0,0,0,98,1.995635195,0.427947598,29,1.477121255,0.126637555,0,0,0,0,0,0,0,0,0,1,0.301029996,0.004366812,1,0.301029996,0.004366812,4,0.698970004,0.017467249,0,0,0,18,1.278753601,0.07860262,0,0,0,0,0,0,0,0,0,6,0.84509804,0.026200873,2,0.477121255,0.008733624,1,0.301029996,0.004366812,0,0,0,0,0,0,0,0,0,0,0,0,0,0,0,69,1.84509804,0.301310044,0,0,0,0,0,0,0,0,0,0,0,0,0,0,0,0,0,0,0,0,0,0,0,0,0,0,0,0,0,0,0,0,0,229
10,1999,0,0,0,0,0,0,35,1.556302501,0.133587786,16,1.230448921,0.061068702,0,0,0,0,0,0,0,0,0,0,0,0,2,0.477121255,0.007633588,0,0,0,3,0.602059991,0.011450382,45,1.662757832,0.171755725,0,0,0,69,1.84509804,0.263358779,1,0.301029996,0.003816794,30,1.491361694,0.114503817,42,1.633468456,0.160305344,6,0.84509804,0.022900763,0,0,0,0,0,0,0,0,0,0,0,0,0,0,0,12,1.113943352,0.045801527,0,0,0,0,0,0,0,0,0,1,0.301029996,0.003816794,0,0,0,0,0,0,0,0,0,0,0,0,0,0,0,0,0,0,0,0,0,262
10,2000,0,0,0,1,0.301029996,0.002840909,6,0.84509804,0.017045455,12,1.113943352,0.034090909,0,0,0,3,0.602059991,0.008522727,0,0,0,0,0,0,0,0,0,45,1.662757832,0.127840909,1,0.301029996,0.002840909,17,1.255272505,0.048295455,0,0,0,46,1.672097858,0.130681818,2,0.477121255,0.005681818,24,1.397940009,0.068181818,75,1.880813592,0.213068182,0,0,0,0,0,0,0,0,0,0,0,0,0,0,0,1,0.301029996,0.002840909,109,2.041392685,0.309659091,0,0,0,0,0,0,0,0,0,8,0.954242509,0.022727273,0,0,0,0,0,0,2,0.477121255,0.005681818,0,0,0,0,0,0,0,0,0,0,0,0,352
10,2001,15,1.204119983,0.034013605,0,0,0,84,1.929418926,0.19047619,17,1.255272505,0.038548753,0,0,0,4,0.698970004,0.009070295,0,0,0,0,0,0,0,0,0,1,0.301029996,0.002267574,49,1.698970004,0.111111111,55,1.748188027,0.124716553,0,0,0,89,1.954242509,0.201814059,3,0.602059991,0.006802721,92,1.968482949,0.20861678,1,0.301029996,0.002267574,4,0.698970004,0.009070295,2,0.477121255,0.004535147,0,0,0,0,0,0,0,0,0,0,0,0,3,0.602059991,0.006802721,0,0,0,0,0,0,0,0,0,6,0.84509804,0.013605442,1,0.301029996,0.002267574,0,0,0,1,0.301029996,0.002267574,0,0,0,1,0.301029996,0.002267574,12,1.113943352,0.027210884,1,0.301029996,0.002267574,441
10,2002,2,0.477121255,0.009009009,0,0,0,105,2.025305865,0.472972973,16,1.230448921,0.072072072,0,0,0,0,0,0,0,0,0,0,0,0,4,0.698970004,0.018018018,0,0,0,0,0,0,20,1.322219295,0.09009009,0,0,0,22,1.361727836,0.099099099,0,0,0,39,1.602059991,0.175675676,4,0.698970004,0.018018018,2,0.477121255,0.009009009,0,0,0,0,0,0,0,0,0,0,0,0,0,0,0,0,0,0,0,0,0,2,0.477121255,0.009009009,0,0,0,5,0.77815125,0.022522523,0,0,0,0,0,0,0,0,0,0,0,0,1,0.301029996,0.004504505,0,0,0,0,0,0,222
10,2003,0,0,0,0,0,0,252,2.403120521,0.610169492,4,0.698970004,0.00968523,0,0,0,0,0,0,0,0,0,2,0.477121255,0.004842615,0,0,0,3,0.602059991,0.007263923,0,0,0,17,1.255272505,0.041162228,0,0,0,39,1.602059991,0.094430993,0,0,0,36,1.568201724,0.08716707,0,0,0,0,0,0,0,0,0,0,0,0,0,0,0,0,0,0,2,0.477121255,0.004842615,55,1.748188027,0.133171913,0,0,0,0,0,0,0,0,0,1,0.301029996,0.002421308,0,0,0,0,0,0,0,0,0,0,0,0,2,0.477121255,0.004842615,0,0,0,0,0,0,413
10,2004,1,0.301029996,0.00265252,0,0,0,57,1.763427994,0.151193634,15,1.204119983,0.039787798,0,0,0,1,0.301029996,0.00265252,0,0,0,0,0,0,2,0.477121255,0.00530504,1,0.301029996,0.00265252,1,0.301029996,0.00265252,11,1.079181246,0.029177719,0,0,0,96,1.986771734,0.25464191,4,0.698970004,0.01061008,57,1.763427994,0.151193634,2,0.477121255,0.00530504,8,0.954242509,0.021220159,0,0,0,0,0,0,0,0,0,0,0,0,5,0.77815125,0.013262599,113,2.056904851,0.299734748,0,0,0,0,0,0,0,0,0,0,0,0,2,0.477121255,0.00530504,0,0,0,0,0,0,0,0,0,0,0,0,1,0.301029996,0.00265252,0,0,0,377
10,2005,0,0,0,0,0,0,73,1.86923172,0.257042254,19,1.301029996,0.066901408,0,0,0,0,0,0,0,0,0,1,0.301029996,0.003521127,0,0,0,0,0,0,0,0,0,10,1.041392685,0.035211268,0,0,0,34,1.544068044,0.11971831,1,0.301029996,0.003521127,44,1.653212514,0.154929577,0,0,0,5,0.77815125,0.017605634,0,0,0,3,0.602059991,0.01056338,0,0,0,0,0,0,23,1.380211242,0.080985915,53,1.73239376,0.186619718,0,0,0,0,0,0,0,0,0,15,1.204119983,0.052816901,0,0,0,0,0,0,0,0,0,0,0,0,1,0.301029996,0.003521127,2,0.477121255,0.007042254,0,0,0,284
10,2006,0,0,0,0,0,0,121,2.086359831,0.387820513,5,0.77815125,0.016025641,0,0,0,8,0.954242509,0.025641026,0,0,0,2,0.477121255,0.006410256,1,0.301029996,0.003205128,0,0,0,2,0.477121255,0.006410256,8,0.954242509,0.025641026,0,0,0,26,1.431363764,0.083333333,0,0,0,50,1.707570176,0.16025641,11,1.079181246,0.03525641,8,0.954242509,0.025641026,0,0,0,1,0.301029996,0.003205128,0,0,0,0,0,0,20,1.322219295,0.064102564,44,1.653212514,0.141025641,0,0,0,0,0,0,0,0,0,5,0.77815125,0.016025641,0,0,0,0,0,0,0,0,0,0,0,0,0,0,0,0,0,0,0,0,0,312
10,2007,0,0,0,0,0,0,128,2.11058971,0.301176471,8,0.954242509,0.018823529,0,0,0,0,0,0,0,0,0,1,0.301029996,0.002352941,0,0,0,0,0,0,4,0.698970004,0.009411765,1,0.301029996,0.002352941,0,0,0,52,1.72427587,0.122352941,0,0,0,64,1.812913357,0.150588235,0,0,0,7,0.903089987,0.016470588,0,0,0,0,0,0,0,0,0,0,0,0,91,1.963787827,0.214117647,65,1.819543936,0.152941176,0,0,0,0,0,0,0,0,0,2,0.477121255,0.004705882,0,0,0,0,0,0,0,0,0,0,0,0,1,0.301029996,0.002352941,1,0.301029996,0.002352941,0,0,0,425
10,2008,0,0,0,0,0,0,142,2.155336037,0.224683544,71,1.857332496,0.112341772,0,0,0,0,0,0,0,0,0,7,0.903089987,0.011075949,3,0.602059991,0.004746835,1,0.301029996,0.001582278,7,0.903089987,0.011075949,4,0.698970004,0.006329114,0,0,0,120,2.08278537,0.189873418,0,0,0,141,2.152288344,0.223101266,1,0.301029996,0.001582278,13,1.146128036,0.02056962,0,0,0,0,0,0,0,0,0,0,0,0,57,1.763427994,0.090189873,24,1.397940009,0.037974684,0,0,0,0,0,0,0,0,0,37,1.579783597,0.058544304,0,0,0,0,0,0,0,0,0,0,0,0,4,0.698970004,0.006329114,0,0,0,0,0,0,632
10,2010,0,0,0,0,0,0,26,1.431363764,0.078078078,15,1.204119983,0.045045045,0,0,0,1,0.301029996,0.003003003,0,0,0,0,0,0,10,1.041392685,0.03003003,0,0,0,0,0,0,4,0.698970004,0.012012012,0,0,0,154,2.190331698,0.462462462,0,0,0,95,1.982271233,0.285285285,1,0.301029996,0.003003003,4,0.698970004,0.012012012,0,0,0,0,0,0,0,0,0,0,0,0,10,1.041392685,0.03003003,5,0.77815125,0.015015015,0,0,0,0,0,0,0,0,0,4,0.698970004,0.012012012,0,0,0,0,0,0,0,0,0,0,0,0,2,0.477121255,0.006006006,2,0.477121255,0.006006006,0,0,0,333
10,2011,1,0.301029996,0.001879699,0,0,0,17,1.255272505,0.031954887,25,1.414973348,0.046992481,0,0,0,0,0,0,0,0,0,1,0.301029996,0.001879699,0,0,0,0,0,0,6,0.84509804,0.011278195,17,1.255272505,0.031954887,0,0,0,278,2.445604203,0.522556391,0,0,0,161,2.209515015,0.302631579,0,0,0,9,1,0.016917293,0,0,0,0,0,0,0,0,0,0,0,0,5,0.77815125,0.009398496,0,0,0,0,0,0,0,0,0,0,0,0,7,0.903089987,0.013157895,0,0,0,0,0,0,0,0,0,5,0.77815125,0.009398496,0,0,0,0,0,0,0,0,0,532
10,2012,0,0,0,0,0,0,22,1.361727836,0.037478705,22,1.361727836,0.037478705,0,0,0,0,0,0,0,0,0,0,0,0,0,0,0,0,0,0,0,0,0,7,0.903089987,0.011925043,2,0.477121255,0.003407155,361,2.558708571,0.614991482,0,0,0,142,2.155336037,0.241908007,0,0,0,10,1.041392685,0.017035775,0,0,0,0,0,0,0,0,0,0,0,0,2,0.477121255,0.003407155,6,0.84509804,0.010221465,0,0,0,0,0,0,0,0,0,8,0.954242509,0.01362862,4,0.698970004,0.00681431,0,0,0,0,0,0,0,0,0,1,0.301029996,0.001703578,0,0,0,0,0,0,587
10,2013,0,0,0,0,0,0,4,0.698970004,0.01843318,9,1,0.041474654,0,0,0,0,0,0,0,0,0,4,0.698970004,0.01843318,2,0.477121255,0.00921659,0,0,0,0,0,0,20,1.322219295,0.092165899,0,0,0,38,1.591064607,0.175115207,0,0,0,109,2.041392685,0.502304147,5,0.77815125,0.023041475,10,1.041392685,0.046082949,0,0,0,0,0,0,0,0,0,0,0,0,1,0.301029996,0.004608295,6,0.84509804,0.02764977,0,0,0,0,0,0,0,0,0,5,0.77815125,0.023041475,0,0,0,0,0,0,0,0,0,0,0,0,2,0.477121255,0.00921659,2,0.477121255,0.00921659,0,0,0,217
10,2014,0,0,0,0,0,0,32,1.51851394,0.125984252,9,1,0.035433071,0,0,0,0,0,0,0,0,0,2,0.477121255,0.007874016,0,0,0,0,0,0,2,0.477121255,0.007874016,13,1.146128036,0.051181102,6,0.84509804,0.023622047,61,1.792391689,0.24015748,0,0,0,100,2.004321374,0.393700787,12,1.113943352,0.047244094,4,0.698970004,0.015748031,0,0,0,0,0,0,0,0,0,0,0,0,1,0.301029996,0.003937008,2,0.477121255,0.007874016,0,0,0,0,0,0,0,0,0,5,0.77815125,0.019685039,0,0,0,3,0.602059991,0.011811024,0,0,0,2,0.477121255,0.007874016,0,0,0,0,0,0,0,0,0,254
10,2015,1,0.301029996,0.0078125,0,0,0,27,1.447158031,0.2109375,5,0.77815125,0.0390625,0,0,0,0,0,0,0,0,0,4,0.698970004,0.03125,1,0.301029996,0.0078125,0,0,0,0,0,0,5,0.77815125,0.0390625,0,0,0,20,1.322219295,0.15625,0,0,0,37,1.579783597,0.2890625,9,1,0.0703125,5,0.77815125,0.0390625,0,0,0,0,0,0,0,0,0,0,0,0,5,0.77815125,0.0390625,0,0,0,0,0,0,0,0,0,0,0,0,4,0.698970004,0.03125,0,0,0,2,0.477121255,0.015625,0,0,0,0,0,0,3,0.602059991,0.0234375,0,0,0,0,0,0,128
10,2016,0,0,0,0,0,0,9,1,0.078947368,6,0.84509804,0.052631579,0,0,0,0,0,0,0,0,0,2,0.477121255,0.01754386,0,0,0,0,0,0,0,0,0,0,0,0,0,0,0,33,1.531478917,0.289473684,0,0,0,17,1.255272505,0.149122807,21,1.342422681,0.184210526,2,0.477121255,0.01754386,0,0,0,0,0,0,0,0,0,0,0,0,21,1.342422681,0.184210526,0,0,0,0,0,0,0,0,0,0,0,0,0,0,0,0,0,0,1,0.301029996,0.00877193,0,0,0,0,0,0,2,0.477121255,0.01754386,0,0,0,0,0,0,114
10,2017,0,0,0,0,0,0,52,1.72427587,0.452173913,13,1.146128036,0.113043478,0,0,0,0,0,0,0,0,0,0,0,0,0,0,0,0,0,0,0,0,0,3,0.602059991,0.026086957,0,0,0,2,0.477121255,0.017391304,1,0.301029996,0.008695652,17,1.255272505,0.147826087,0,0,0,0,0,0,0,0,0,0,0,0,0,0,0,0,0,0,27,1.447158031,0.234782609,0,0,0,0,0,0,0,0,0,0,0,0,0,0,0,0,0,0,0,0,0,0,0,0,0,0,0,0,0,0,0,0,0,0,0,0,115